net,length_um
net459,708.79µm
net418,544.575µm
net381,534.04µm
net26,495.51µm
net470,455.21µm
net421,445.71µm
net426,434.43µm
net366,428.58µm
net339,422.3µm
net28,414.14µm
net475,409.71µm
net6,409.52µm
net29,405.82µm
net149,405.14µm
_1887_,403.14µm
net145,399.565µm
net318,388.02µm
net361,384.45µm
net40,382.26µm
net304,375.62µm
net259,371.36µm
net270,367.35µm
net2,365.26µm
net276,364.6µm
net320,361.44µm
net410,361.35µm
net148,360.135µm
net369,357.15µm
net376,351.8µm
net197,349.34µm
net333,345.775µm
net127,337.19µm
net321,335.18µm
net469,332.46µm
net373,329.25µm
net167,328.99µm
net313,324.28µm
net267,319.48µm
net230,318.73µm
net316,317.28µm
net221,311.53µm
net140,310.78µm
net213,308.32µm
net338,306.84µm
net44,306.08µm
net61,294.36µm
net188,291.425µm
_0045_,287.3µm
net248,286.08µm
net408,285.43µm
net219,285.39µm
net243,285.07µm
net453,284.62µm
net130,284.02µm
net387,283.62µm
net262,281.32µm
net328,279.31µm
net425,278.88µm
net302,278.6µm
net394,277.4µm
net457,276.06µm
net133,275.66µm
net335,275.46µm
net423,275.26µm
net196,273.755µm
net191,272.62µm
net200,272.12µm
net404,271.56µm
net409,270.96µm
net411,269.08µm
net4,267.59µm
net162,267.5µm
net207,266.92µm
net392,266.485µm
net295,263.99µm
_0917_,263.98µm
net168,263.61µm
net441,262.43µm
net169,261.715µm
net433,261.37µm
net42,259.28µm
net5,257.64µm
net345,257.34µm
net144,257.155µm
net474,256.66µm
net173,256.1µm
net125,253.06µm
net402,252.54µm
net1,252.37µm
net360,250.81µm
net124,250.625µm
net420,250.6µm
net384,250.54µm
net434,250.24µm
net343,247.4µm
net301,247.275µm
net465,246.605µm
net175,244.64µm
net274,244.56µm
net147,243.46µm
net194,243.36µm
net177,242.82µm
net220,240.065µm
net378,239.735µm
net383,238.23µm
net430,236.54µm
_1070_,235.73µm
net299,235.675µm
net202,234.84µm
net176,233.98µm
net396,233.72µm
net192,233.67µm
net184,233.44µm
net312,232.115µm
net337,230.14µm
net257,230.1µm
net368,229.54µm
net371,228.015µm
net268,227.375µm
net137,227.155µm
net379,226.875µm
net13,226.61µm
net450,226.545µm
net253,225.125µm
net180,224.56µm
net405,224.01µm
net210,223.46µm
net150,223.16µm
net128,223.01µm
net250,222.38µm
net468,221.68µm
_3003_,221.41µm
net439,220.71µm
net462,219.38µm
net273,219µm
net122,216.665µm
net271,216.005µm
net451,215.89µm
net309,215.56µm
net385,215.32µm
net131,215.065µm
net397,213.98µm
net11,212.12µm
net431,212.095µm
net239,210.99µm
net132,209.26µm
net215,209.08µm
net126,208.54µm
net466,208.37µm
net55,208.13µm
net359,207.49µm
net23,207.24µm
net429,205.74µm
net138,205.67µm
net390,205.12µm
net324,205.06µm
net294,204.445µm
_1953_,204.04µm
net134,203.41µm
net3,202.945µm
net27,202.84µm
net419,202.835µm
_2963_,202.56µm
net367,202.48µm
net123,202.265µm
net293,202.02µm
net374,200.86µm
net455,200.14µm
net31,198.825µm
net449,197.96µm
net142,197.9µm
net456,197.86µm
net265,197.07µm
net355,195.71µm
net389,195.71µm
net467,195.39µm
net372,194.57µm
net395,194.09µm
net370,193.825µm
net358,193.5µm
net201,192.66µm
net53,192.07µm
_1539_,190.85µm
net60,190.58µm
net326,190.54µm
net310,190.46µm
_3004_,189.98µm
net322,189.04µm
net473,188.6µm
net282,188.51µm
net16,187.805µm
net400,187.465µm
net447,187.42µm
net364,187.05µm
net245,186.44µm
net472,186.16µm
net24,185.315µm
net413,184.6µm
net261,184.51µm
net353,184.49µm
_1550_,183.63µm
net432,182.85µm
net36,180.44µm
_3134_,180.27µm
net461,180.08µm
net424,178.98µm
_2981_,178.95µm
net363,178.935µm
net334,178.36µm
net189,176.68µm
_2018_,176.46µm
net388,176.1µm
net417,175.96µm
net403,175.62µm
net254,175.315µm
net62,175.21µm
net19,174.905µm
net120,174.845µm
net356,173.93µm
net344,173.73µm
net34,173.37µm
_2150_,173.22µm
net178,173.04µm
net212,172.82µm
net214,172.04µm
net217,171.88µm
net172,171.76µm
net375,169.97µm
net399,168.82µm
net258,168.51µm
net283,167.98µm
net157,167.46µm
net136,166.59µm
net171,166.54µm
net416,166.37µm
net165,164.48µm
net52,163.77µm
net427,163.685µm
net193,163.55µm
net174,162.82µm
net164,162.58µm
net428,161.75µm
net444,161.625µm
net256,161.58µm
net277,160.38µm
net129,160.3µm
net398,159.64µm
net260,159.58µm
net443,158.92µm
net209,158.83µm
_0808_,158.36µm
_2869_,158.255µm
net365,158.1µm
net298,157.34µm
net382,156.93µm
net297,156.11µm
net170,155.71µm
net263,155.285µm
net280,153.44µm
net471,153.3µm
net249,152.92µm
net64,152.34µm
net234,152.12µm
net327,152.04µm
net92,151.92µm
net146,151.73µm
net289,151.64µm
net251,151.1µm
net393,150.88µm
net206,150.84µm
net377,150.14µm
net422,149.89µm
net93,149.54µm
net117,148.78µm
net319,148.36µm
net354,147.96µm
net357,147.22µm
net349,145.87µm
net340,145.605µm
net199,144.76µm
net156,144.55µm
net391,144.55µm
_0841_,144.52µm
net305,144.38µm
net401,143.86µm
net440,143.59µm
net158,143.08µm
net252,143.06µm
_2335_,142.9µm
_1135_,142.86µm
net442,142.65µm
net314,142.2µm
_0852_,142µm
net454,141.935µm
net336,141.78µm
_2073_,141.7µm
net437,141.36µm
_2095_,141.22µm
net186,140.14µm
net436,139.68µm
net222,139.54µm
net448,139.53µm
net236,138.22µm
net292,138.2µm
net135,138.06µm
net56,137.84µm
_2281_,137.78µm
net94,137.48µm
net281,136.73µm
_1266_,136.49µm
net166,136.42µm
net161,136.26µm
_3072_,136.06µm
net244,136.06µm
net330,135.94µm
net95,135.78µm
net346,135.44µm
net386,135.42µm
net286,135.34µm
net118,135.28µm
_2172_,134.94µm
net183,134.46µm
net231,134.18µm
_2967_,133.74µm
net362,133.28µm
net21,132.3µm
net22,132.3µm
net351,132.26µm
net307,131.88µm
net460,131.88µm
net33,131.5µm
net218,130.52µm
net96,130.24µm
_2959_,129.91µm
net235,129.22µm
net341,128.55µm
_1146_,128.37µm
net348,127.84µm
_2040_,127.77µm
net204,127.58µm
net141,127.04µm
net315,126.72µm
net241,126.38µm
_1462_,126.29µm
_1714_,125.98µm
net54,125.96µm
net226,125.54µm
net275,125.54µm
net139,125.13µm
net163,125.06µm
net246,123.6µm
net205,122.82µm
net291,122.68µm
net296,122.59µm
net225,122.58µm
net89,121.96µm
_2943_,121.78µm
_0787_,121.48µm
net272,121.025µm
net97,120.9µm
net464,120.74µm
net347,120.58µm
net198,120.46µm
net91,120.22µm
net247,119.81µm
net242,119.44µm
_2942_,119.16µm
net223,119µm
net288,118.9µm
net90,118.54µm
net229,118µm
net414,117.71µm
net406,117.44µm
_alu_i0.Datapath_i.fu_alu_33673_33851.out1\[31\],117.225µm
net446,114.98µm
net325,114.88µm
_alu_i0.Datapath_i.fu_alu_33673_33851.out1\[30\],114.4µm
net101,114.04µm
_2314_,112.94µm
net237,112.82µm
net438,112.575µm
net208,112.135µm
net232,111.47µm
net160,111.38µm
net224,111.32µm
net445,110.96µm
_2553_,110.83µm
net98,110.34µm
net153,110.32µm
net20,110.08µm
net452,110.08µm
_alu_i0.Datapath_i.fu_alu_33673_33851.out1\[26\],109.865µm
net266,109.32µm
net311,108.82µm
net331,108.14µm
_3048_,108.01µm
net100,107.7µm
net435,107.54µm
_3089_,107.37µm
net285,106.68µm
net185,106.41µm
_2998_,106.15µm
net240,105.72µm
net159,105.5µm
net155,105.15µm
net323,103.68µm
net143,102.16µm
net58,101.3µm
net279,100.98µm
_2933_,100.06µm
_alu_i0.Datapath_i.fu_alu_33673_33851.out1\[27\],99.94µm
net238,99.465µm
net269,99.44µm
net51,97.97µm
net7,97.92µm
_2868_,97.34µm
_2581_,96.72µm
net14,96.52µm
net154,96.12µm
_1441_,95.96µm
net308,95.595µm
_3307_,95.28µm
_0885_,95.1µm
_alu_i0.Datapath_i.fu_alu_33673_33851.out1\[23\],94.825µm
net306,94.76µm
_2910_,94.125µm
net227,93.56µm
net59,92.56µm
net18,92.47µm
net412,91.3µm
_2726_,90.82µm
_2914_,89.86µm
net329,89.6µm
_3353_,88.515µm
net284,88.02µm
net15,87.78µm
net350,87.77µm
net151,87.04µm
_3135_,86.9µm
_3016_,86.58µm
_3384_,86.22µm
net278,86.015µm
_0830_,85.93µm
_alu_i0.Datapath_i.fu_alu_33673_33851.out1\[11\],85.27µm
net10,85.16µm
net182,84.76µm
net181,84.66µm
_1572_,84.5µm
_2722_,84.36µm
net255,83.82µm
_1589_,83.14µm
net352,82.92µm
_2586_,81.93µm
_1561_,81.81µm
_1408_,81.46µm
_2498_,81.23µm
_2717_,80.94µm
_2861_,80.02µm
_alu_i0.Datapath_i.fu_alu_33673_33851.out1\[21\],79.305µm
_2958_,79.28µm
_alu_i0.Datapath_i.fu_alu_33673_33851.out1\[25\],78.485µm
net87,78.48µm
_3097_,77.91µm
_alu_i0.Datapath_i.fu_alu_33673_33851.out1\[22\],77.6µm
_0895_,77.54µm
net86,76.22µm
_3311_,76.16µm
_2668_,75.66µm
_3107_,75.35µm
_1823_,75.2µm
_2127_,74.9µm
net290,74.62µm
_1396_,74.56µm
_3267_,74.54µm
net9,74.34µm
_2911_,73.87µm
_alu_i0.Datapath_i.fu_alu_33673_33851.out1\[29\],73.625µm
_alu_i0.Datapath_i.fu_alu_33673_33851.out1\[13\],73.23µm
_2761_,72.82µm
net121,72.16µm
net300,72.1µm
net104,71.74µm
_2509_,71.64µm
net228,71.34µm
_0731_,71.1µm
_3197_,70.48µm
net8,69.88µm
_0938_,69.78µm
_1615_,69.38µm
_0488_,68.8µm
_2829_,68.625µm
_3174_,68.28µm
net233,68.12µm
_3158_,67.8µm
net380,67.715µm
_1964_,67.48µm
_1484_,66.98µm
_3238_,66.35µm
net195,66µm
net187,65.44µm
_alu_i0.Datapath_i.fu_alu_33673_33851.out1\[15\],65.285µm
_1655_,65.04µm
_3179_,64.84µm
_1342_,64.74µm
_2465_,64.56µm
_3068_,64.32µm
net303,64.26µm
net458,64.22µm
net203,64.08µm
_1799_,64µm
_3191_,63.97µm
_0793_,63.86µm
_0700_,63.72µm
net38,63.7µm
_1670_,63.62µm
_1288_,63.36µm
_1482_,63.3µm
net190,63.28µm
net67,62.885µm
_3075_,62.8µm
_1734_,62.62µm
net84,62.62µm
net85,62.62µm
_0294_,62.32µm
net342,62.24µm
net264,62.21µm
net37,61.94µm
net415,61.82µm
net211,60.98µm
_0561_,60.78µm
net35,60.72µm
_3218_,60.54µm
_3402_,60.48µm
net39,60.48µm
net317,60.235µm
_0863_,60.22µm
_3310_,60.22µm
net179,60.22µm
_1211_,60.16µm
_1419_,59.44µm
net332,59.36µm
_1079_,59.32µm
_1495_,59.32µm
_alu_i0.Datapath_i.reg_0.reg_out1\[31\],59.28µm
_2402_,59.2µm
_2215_,59.04µm
_1152_,58.96µm
net216,58.66µm
_1840_,58.58µm
net83,58.52µm
net105,58.48µm
_3276_,58.2µm
_2442_,58.16µm
_alu_i0.Datapath_i.fu_alu_33673_33851.out1\[14\],58.045µm
_0577_,57.98µm
_alu_i0.Datapath_i.fu_alu_33673_33851.out1\[20\],57.92µm
_2241_,57.78µm
net25,57.36µm
_1429_,57.22µm
_alu_i0.Datapath_i.fu_alu_33673_33851.out1\[12\],57.185µm
_0046_,57.1µm
_2978_,56.96µm
_1967_,56.95µm
_alu_i0.Datapath_i.fu_alu_33673_33851.out1\[16\],56.9µm
net106,56.58µm
_0642_,56.52µm
_3175_,56.4µm
_0418_,56.38µm
_1519_,56.26µm
_3086_,56.22µm
_1430_,56.08µm
net82,55.74µm
_1818_,55.56µm
_0974_,55.46µm
_2572_,55.36µm
_3196_,55.3µm
_1150_,55.03µm
_0660_,55.02µm
_alu_i0.Datapath_i.fu_alu_33673_33851.out1\[18\],54.925µm
_0504_,54.86µm
_3269_,54.76µm
_2938_,54.72µm
_alu_i0.Datapath_i.reg_0.reg_out1\[17\],54.58µm
_2259_,54.355µm
_alu_i0.Datapath_i.reg_0.reg_out1\[29\],54.32µm
_1188_,54.3µm
_3152_,54.3µm
_alu_i0.Datapath_i.reg_0.reg_out1\[19\],54.24µm
_1075_,54.2µm
_2478_,54.02µm
_1918_,53.955µm
_1270_,53.94µm
_2450_,53.86µm
_2162_,53.74µm
_1092_,53.72µm
_1542_,53.38µm
_2775_,53.36µm
_1012_,52.84µm
net407,52.7µm
net109,52.48µm
_1723_,52.3µm
_1674_,52.08µm
_2980_,51.52µm
a[9],51.06µm
net80,50.82µm
_2617_,50.68µm
_2820_,50.105µm
_1654_,50.02µm
_1375_,49.48µm
_2321_,49.46µm
net108,49.44µm
_1080_,49.24µm
opcode[0],49.17µm
_1583_,49.16µm
_1273_,49.12µm
_2818_,49.08µm
_2680_,48.86µm
net63,48.78µm
net17,48.72µm
_3193_,48.4µm
_2000_,48.36µm
_2709_,48.36µm
_1772_,48µm
_2456_,47.62µm
net119,47.62µm
_2013_,47.6µm
_0970_,47.54µm
_2117_,47.52µm
_1186_,47.48µm
net107,47.16µm
_3200_,47.14µm
_2053_,47.1µm
_alu_i0.Datapath_i.fu_alu_33673_33851.out1\[8\],47.085µm
_2841_,47.02µm
net152,46.98µm
_2282_,46.94µm
_1770_,46.9µm
start_port,46.65µm
_1043_,46.6µm
_3024_,46.46µm
_2755_,46.42µm
_0205_,46.32µm
_alu_i0.Datapath_i.fu_alu_33673_33851.out1\[19\],46.245µm
_alu_i0.Datapath_i.reg_0.reg_out1\[28\],46.24µm
_2578_,45.76µm
done_port,45.73µm
_1648_,45.68µm
_1898_,45.68µm
_2885_,45.68µm
_3285_,45.68µm
_0624_,45.56µm
_0351_,45.52µm
_2752_,45.4µm
_2946_,45.36µm
_1800_,45.28µm
_2654_,45.22µm
a[31],45.07µm
_3185_,44.94µm
_1773_,44.92µm
_0823_,44.82µm
_3095_,44.64µm
_2934_,44.62µm
_2449_,44.4µm
_0874_,44.34µm
_2940_,44.24µm
_2462_,44.14µm
net81,44µm
_2842_,43.73µm
_0906_,43.7µm
_3389_,43.64µm
_2542_,43.58µm
_3120_,43.58µm
_3260_,43.5µm
_alu_i0.Datapath_i.fu_alu_33673_33851.out1\[28\],43.44µm
_0047_,43.34µm
_2884_,43.34µm
_0311_,43.31µm
_3033_,43.22µm
_alu_i0.Datapath_i.reg_0.reg_out1\[14\],43.2µm
net79,43.08µm
_3162_,43.06µm
a[27],43.03µm
_2902_,43.01µm
_0434_,42.955µm
_1841_,42.86µm
_1754_,42.84µm
_1189_,42.82µm
opcode[4],42.67µm
a[11],42.64µm
b[8],42.64µm
net78,42.62µm
_0310_,42.6µm
_1077_,42.58µm
_2103_,42.575µm
_2786_,42.54µm
_3029_,42.48µm
_1048_,42.42µm
_2531_,42.42µm
_1691_,42.275µm
b[31],42.21µm
_alu_i0.Datapath_i.fu_alu_33673_33851.out1\[17\],42.205µm
_2276_,42.06µm
_3194_,42.04µm
b[29],41.97µm
a[8],41.96µm
return_port[28],41.96µm
a[10],41.86µm
opcode[7],41.85µm
_2828_,41.82µm
_2063_,41.8µm
_0701_,41.78µm
_3108_,41.6µm
opcode[6],41.51µm
_0383_,41.405µm
_3241_,41.38µm
b[12],41.28µm
b[4],41.28µm
a[28],41.27µm
b[30],41.27µm
b[11],41.26µm
b[13],41.26µm
b[5],41.26µm
a[24],41.17µm
opcode[2],41.17µm
_alu_i0.Datapath_i.fu_alu_33673_33851.out1\[9\],41.145µm
_2390_,41.08µm
b[16],41.05µm
_1425_,41.04µm
_1902_,41.04µm
return_port[24],41.04µm
net287,41.02µm
a[29],40.95µm
b[23],40.94µm
a[18],40.93µm
b[22],40.92µm
_3361_,40.88µm
clock,40.81µm
_2209_,40.76µm
_1230_,40.7µm
a[22],40.7µm
_1117_,40.61µm
a[16],40.59µm
a[23],40.59µm
return_port[22],40.59µm
_2790_,40.58µm
return_port[29],40.58µm
return_port[30],40.58µm
reset,40.49µm
opcode[5],40.47µm
b[6],40.36µm
_2639_,40.28µm
return_port[10],40.26µm
return_port[12],40.26µm
return_port[9],40.26µm
return_port[1],40.25µm
return_port[13],40.24µm
return_port[17],40.24µm
_1941_,40.18µm
a[19],40.14µm
return_port[2],40.13µm
return_port[25],40.03µm
a[12],40.02µm
a[3],40.02µm
a[7],40.02µm
b[18],40.02µm
b[25],40.02µm
_3247_,39.98µm
_1784_,39.975µm
b[14],39.91µm
return_port[26],39.91µm
_0366_,39.9µm
b[0],39.9µm
b[3],39.9µm
_1386_,39.86µm
_2220_,39.82µm
_1473_,39.8µm
return_port[5],39.68µm
_2064_,39.62µm
_2485_,39.62µm
_0726_,39.6µm
a[17],39.57µm
return_port[3],39.57µm
a[1],39.56µm
b[20],39.56µm
b[21],39.56µm
b[24],39.56µm
_3213_,39.52µm
return_port[0],39.45µm
_3259_,39.44µm
b[7],39.44µm
return_port[27],39.35µm
_alu_i0.Datapath_i.fu_alu_33673_33851.out1\[10\],39.325µm
a[15],39.23µm
b[28],39.23µm
opcode[1],39.23µm
return_port[21],39.23µm
_2051_,39.2µm
opcode[3],39.11µm
_1193_,39.08µm
_1875_,39.06µm
_2486_,39.035µm
_3326_,38.98µm
b[1],38.98µm
_3069_,38.92µm
_0729_,38.9µm
a[26],38.89µm
b[15],38.89µm
b[2],38.89µm
return_port[4],38.89µm
return_port[11],38.88µm
return_port[15],38.88µm
return_port[23],38.88µm
return_port[7],38.88µm
_2163_,38.82µm
a[30],38.77µm
a[0],38.76µm
a[14],38.76µm
a[20],38.76µm
a[2],38.76µm
a[6],38.76µm
_3324_,38.725µm
_0193_,38.68µm
a[13],38.64µm
a[21],38.64µm
b[10],38.64µm
b[17],38.64µm
b[19],38.64µm
b[26],38.64µm
b[9],38.64µm
_3044_,38.62µm
_3105_,38.58µm
_3144_,38.54µm
_1523_,38.52µm
_1431_,38.42µm
return_port[14],38.42µm
return_port[19],38.42µm
return_port[6],38.42µm
return_port[8],38.42µm
_3215_,38.38µm
_1303_,38.32µm
a[4],38.3µm
a[5],38.3µm
_2986_,38.28µm
a[25],38.18µm
_2694_,38.1µm
_3204_,38.06µm
_alu_i0.Datapath_i.reg_0.reg_out1\[16\],37.96µm
_2356_,37.94µm
_0674_,37.92µm
_2651_,37.9µm
_3239_,37.9µm
_1516_,37.895µm
_2960_,37.86µm
b[27],37.84µm
return_port[18],37.84µm
_2195_,37.83µm
_1521_,37.82µm
_2695_,37.65µm
_2261_,37.62µm
_1113_,37.56µm
_2105_,37.52µm
return_port[16],37.5µm
return_port[20],37.5µm
return_port[31],37.5µm
_1210_,37.44µm
_2444_,37.32µm
_1752_,37.29µm
_2595_,37.22µm
_2096_,37.1µm
_2318_,37.06µm
_3314_,37.03µm
_3051_,36.93µm
_0473_,36.9µm
_1369_,36.68µm
net103,36.68µm
_3264_,36.42µm
net463,36.38µm
_1901_,36.36µm
_0271_,36.32µm
_2776_,36.16µm
_1318_,36.11µm
_1987_,36.01µm
_0236_,35.96µm
_2448_,35.9µm
_2085_,35.74µm
_alu_i0.Datapath_i.reg_0.reg_out1\[21\],35.72µm
_0672_,35.66µm
_0862_,35.64µm
_3133_,35.6µm
_0009_,35.53µm
_2945_,35.51µm
_0263_,35.48µm
_1506_,35.48µm
_0192_,35.44µm
_0253_,35.44µm
_1977_,35.44µm
_1434_,35.38µm
_2334_,35.34µm
_3339_,35.335µm
_3027_,35.3µm
_1984_,35.02µm
_2397_,34.96µm
_1307_,34.94µm
_alu_i0.Datapath_i.reg_0.reg_out1\[22\],34.84µm
net57,34.84µm
_0860_,34.8µm
_1129_,34.76µm
_1494_,34.66µm
_2269_,34.605µm
_1877_,34.6µm
_3153_,34.54µm
_1517_,34.52µm
_2093_,34.34µm
_1078_,34.3µm
_2254_,34.26µm
_2962_,34.24µm
_1979_,34.2µm
_2110_,34.15µm
_2363_,34.04µm
_1087_,34µm
_2467_,33.96µm
_0501_,33.94µm
_0217_,33.86µm
_0381_,33.86µm
_3127_,33.84µm
_3129_,33.84µm
_1644_,33.82µm
_0977_,33.78µm
_0826_,33.74µm
_3290_,33.7µm
_0325_,33.65µm
_1085_,33.6µm
_0829_,33.58µm
_1364_,33.54µm
_alu_i0.Datapath_i.fu_alu_33673_33851.out1\[24\],33.525µm
_3228_,33.44µm
_1555_,33.28µm
_0668_,33.25µm
_0224_,33.18µm
net66,33.06µm
_alu_i0.Datapath_i.reg_0.reg_out1\[18\],33.04µm
_1352_,33µm
_0308_,32.99µm
_1846_,32.96µm
_2401_,32.96µm
_1524_,32.9µm
_0847_,32.88µm
_3041_,32.88µm
_alu_i0.Datapath_i.reg_0.reg_out1\[10\],32.82µm
_3229_,32.76µm
_2983_,32.7µm
_1316_,32.66µm
_alu_i0.Datapath_i.fu_alu_33673_33851.out1\[7\],32.645µm
_1140_,32.62µm
_2098_,32.52µm
_3125_,32.46µm
_0435_,32.44µm
_alu_i0.Datapath_i.reg_0.reg_out1\[11\],32.36µm
_0952_,32.3µm
_0703_,32.12µm
_2666_,32.08µm
_0187_,32µm
_1435_,31.96µm
_2920_,31.96µm
_1268_,31.94µm
_2270_,31.93µm
_2950_,31.92µm
_2278_,31.9µm
_3021_,31.8µm
_0261_,31.74µm
_1332_,31.64µm
_1520_,31.54µm
_2149_,31.53µm
_1191_,31.52µm
_0609_,31.48µm
_2159_,31.48µm
_2237_,31.48µm
_2157_,31.44µm
_1126_,31.42µm
_1936_,31.4µm
_0215_,31.3µm
_1197_,31.24µm
net41,31.24µm
_1851_,31.17µm
_2380_,31.12µm
_2298_,31.1µm
_1518_,31.08µm
_2897_,31.08µm
_2924_,31.08µm
_0353_,31.02µm
_0320_,30.96µm
_2923_,30.86µm
_1694_,30.74µm
_3036_,30.72µm
_1074_,30.7µm
_0000_,30.66µm
_0117_,30.64µm
_2216_,30.61µm
_1348_,30.585µm
_1557_,30.58µm
_2601_,30.58µm
_1646_,30.56µm
_2858_,30.5µm
_0436_,30.44µm
_1586_,30.4µm
_2399_,30.4µm
_2887_,30.39µm
_0252_,30.32µm
_2256_,30.26µm
_2825_,30.24µm
_0908_,30.16µm
net12,30.16µm
_1309_,30.1µm
_2056_,30.06µm
_2374_,30.06µm
_alu_i0.Datapath_i.reg_0.reg_out1\[13\],30.06µm
_2144_,30.025µm
_1439_,29.72µm
_1478_,29.655µm
_1190_,29.62µm
_1726_,29.56µm
_0199_,29.52µm
_2556_,29.52µm
_1243_,29.48µm
_0369_,29.46µm
_1130_,29.42µm
_2532_,29.4µm
_2733_,29.36µm
_1699_,29.335µm
_0848_,29.3µm
_0503_,29.29µm
_0608_,29.26µm
_0417_,29.2µm
_2620_,29.18µm
_0670_,29.16µm
_1554_,29.08µm
net45,29.08µm
_0523_,29.075µm
_1118_,29.06µm
_alu_i0.Datapath_i.fu_alu_33673_33851.out1\[3\],29.005µm
_2221_,28.94µm
_2319_,28.9µm
_3103_,28.86µm
_1254_,28.82µm
_2696_,28.74µm
_alu_i0.Datapath_i.fu_alu_33673_33851.out1\[5\],28.72µm
_1856_,28.7µm
_0878_,28.68µm
_2464_,28.68µm
_0327_,28.66µm
_0869_,28.66µm
_3393_,28.64µm
_2155_,28.6µm
_3136_,28.52µm
_1974_,28.5µm
_1136_,28.36µm
_2010_,28.36µm
_1869_,28.34µm
_3126_,28.24µm
_2701_,28.22µm
_0518_,28.2µm
_2661_,28.2µm
_2310_,28.12µm
_2014_,28.075µm
_1305_,27.9µm
_0873_,27.88µm
_0462_,27.8µm
_0611_,27.72µm
_0748_,27.69µm
_0871_,27.66µm
_1756_,27.6µm
_alu_i0.Datapath_i.reg_0.reg_out1\[25\],27.48µm
_2429_,27.44µm
_3334_,27.44µm
_1168_,27.42µm
_1426_,27.4µm
_1333_,27.38µm
_2672_,27.38µm
_2271_,27.34µm
_2739_,27.34µm
_3111_,27.32µm
_2916_,27.3µm
_0415_,27.28µm
_2072_,27.28µm
_3224_,27.28µm
_3331_,27.235µm
_alu_i0.Datapath_i.fu_alu_33673_33851.out1\[0\],27.165µm
_alu_i0.Datapath_i.reg_0.reg_out1\[15\],27.14µm
_0774_,27.12µm
_2889_,27.12µm
_2316_,27.1µm
_0393_,27.08µm
_1312_,27.02µm
_2822_,27.02µm
_3249_,27.02µm
_3330_,26.98µm
_1932_,26.95µm
_0334_,26.86µm
_0354_,26.82µm
_0602_,26.69µm
_0163_,26.64µm
_2743_,26.64µm
_3348_,26.64µm
_1574_,26.58µm
_1814_,26.58µm
_2058_,26.58µm
_0589_,26.56µm
_1207_,26.56µm
_1310_,26.56µm
_alu_i0.Datapath_i.reg_0.reg_out1\[12\],26.42µm
_0069_,26.4µm
_0342_,26.4µm
_1069_,26.3µm
_1692_,26.24µm
_3114_,26.24µm
_1199_,26.23µm
_0744_,26.22µm
_0758_,26.2µm
_3371_,26.16µm
_1317_,26.12µm
_2033_,26.1µm
_3299_,26.04µm
_0645_,26µm
_0085_,25.98µm
_0824_,25.98µm
_1021_,25.96µm
_alu_i0.Datapath_i.reg_0.reg_out1\[27\],25.96µm
_0590_,25.94µm
_1013_,25.94µm
_2791_,25.94µm
_0467_,25.9µm
_1477_,25.89µm
_0262_,25.885µm
_2845_,25.88µm
_2222_,25.86µm
_1831_,25.82µm
_2974_,25.81µm
_0011_,25.7µm
_1981_,25.66µm
_alu_i0.Datapath_i.reg_0.reg_out1\[26\],25.62µm
_0579_,25.6µm
_1311_,25.6µm
_1894_,25.56µm
_0889_,25.52µm
_3071_,25.52µm
_0586_,25.5µm
_0876_,25.5µm
_1093_,25.5µm
_0923_,25.48µm
_1028_,25.48µm
_2808_,25.48µm
_0907_,25.46µm
_1721_,25.46µm
_0385_,25.36µm
_3308_,25.36µm
_2426_,25.34µm
_2280_,25.31µm
_0535_,25.29µm
_2461_,25.28µm
_1675_,25.24µm
_1815_,25.14µm
_1833_,25.065µm
_3397_,25.02µm
_2262_,24.88µm
_0988_,24.86µm
_2300_,24.84µm
_2218_,24.82µm
_2242_,24.82µm
_0179_,24.76µm
_alu_i0.Datapath_i.reg_0.reg_out1\[8\],24.76µm
_1206_,24.655µm
_0007_,24.62µm
_1024_,24.62µm
_1829_,24.62µm
_1876_,24.62µm
_0213_,24.58µm
_1214_,24.58µm
_3278_,24.58µm
_3321_,24.58µm
_1788_,24.56µm
_0226_,24.54µm
_3169_,24.48µm
net115,24.38µm
_1234_,24.36µm
_2683_,24.36µm
_1611_,24.34µm
_2106_,24.34µm
_2140_,24.32µm
_3017_,24.32µm
_0367_,24.3µm
_alu_i0.Datapath_i.reg_0.reg_out1\[9\],24.3µm
_1042_,24.26µm
_1896_,24.26µm
_1939_,24.22µm
_2471_,24.22µm
_0333_,24.2µm
_1231_,24.18µm
_2777_,24.14µm
_1423_,24.13µm
_1324_,24.12µm
_1563_,24.11µm
_3143_,24.08µm
_2086_,24.06µm
_2369_,24µm
_2343_,23.96µm
_1819_,23.94µm
_2193_,23.92µm
_1360_,23.9µm
_0332_,23.86µm
_0915_,23.86µm
_1763_,23.84µm
_2839_,23.8µm
_2054_,23.78µm
_2142_,23.78µm
_1717_,23.77µm
_0132_,23.76µm
_1255_,23.76µm
_1184_,23.74µm
_2037_,23.74µm
_2084_,23.72µm
_0745_,23.71µm
_1543_,23.68µm
_1791_,23.66µm
_2416_,23.62µm
_1571_,23.6µm
_2805_,23.6µm
_0237_,23.56µm
_0419_,23.56µm
_3104_,23.54µm
_1100_,23.52µm
_0284_,23.5µm
_0919_,23.48µm
_3146_,23.44µm
_0574_,23.38µm
_3083_,23.38µm
_0925_,23.36µm
_0762_,23.34µm
_0389_,23.16µm
_1253_,23.14µm
_1522_,23.14µm
_2977_,23.14µm
_3026_,23.14µm
_0661_,23.06µm
_1835_,23.06µm
_0711_,23.02µm
_0772_,23.02µm
_3245_,23.02µm
_2012_,22.96µm
_3062_,22.96µm
_0222_,22.94µm
_0688_,22.92µm
_1393_,22.92µm
_1374_,22.915µm
_0789_,22.9µm
_0859_,22.9µm
_2302_,22.88µm
_1091_,22.84µm
_0784_,22.82µm
_1132_,22.8µm
_0728_,22.76µm
_2373_,22.76µm
_1608_,22.72µm
_2294_,22.68µm
_1347_,22.62µm
_1861_,22.6µm
_0838_,22.58µm
_1722_,22.58µm
_0856_,22.56µm
_1366_,22.56µm
_3306_,22.54µm
_1855_,22.52µm
_0738_,22.5µm
_1371_,22.5µm
_3177_,22.46µm
_2481_,22.44µm
_3155_,22.44µm
_0779_,22.38µm
_1346_,22.3µm
_2830_,22.28µm
_0902_,22.265µm
_1962_,22.24µm
_2482_,22.24µm
_1580_,22.2µm
_0431_,22.16µm
_2087_,22.14µm
_3050_,22.14µm
_0737_,22.08µm
_1551_,22.08µm
_1428_,22.06µm
_1569_,22.06µm
_2381_,22.06µm
_1567_,22.02µm
_0470_,22µm
_1308_,22µm
_2169_,22µm
_3178_,22µm
_1139_,21.98µm
_1025_,21.92µm
_0329_,21.9µm
_0516_,21.88µm
_1960_,21.82µm
_2003_,21.82µm
_2479_,21.82µm
_0593_,21.8µm
_1114_,21.8µm
_2332_,21.8µm
_2738_,21.8µm
_2382_,21.78µm
_1578_,21.76µm
_3154_,21.76µm
_1287_,21.68µm
_1182_,21.66µm
_1983_,21.66µm
_1585_,21.62µm
_0595_,21.58µm
_2305_,21.58µm
_3349_,21.54µm
_1684_,21.39µm
_2451_,21.38µm
_1313_,21.3µm
_1094_,21.28µm
_2650_,21.24µm
_0976_,21.22µm
_1034_,21.22µm
_2384_,21.22µm
_1777_,21.18µm
_3052_,21.14µm
_0015_,21.1µm
_1239_,21.1µm
_0676_,21.04µm
_0044_,21.02µm
_1914_,21µm
_0755_,20.98µm
_0339_,20.96µm
_3283_,20.94µm
_0065_,20.92µm
_2995_,20.9µm
_0813_,20.88µm
_2263_,20.86µm
_1688_,20.84µm
_0368_,20.82µm
_2060_,20.8µm
_1686_,20.78µm
_0098_,20.76µm
_1969_,20.74µm
_2108_,20.7µm
_2160_,20.7µm
_3005_,20.7µm
_1624_,20.68µm
_3378_,20.68µm
_0397_,20.66µm
_3085_,20.64µm
_1242_,20.62µm
_1432_,20.62µm
_2428_,20.6µm
_1142_,20.58µm
_1925_,20.58µm
_2137_,20.58µm
_0457_,20.52µm
_0520_,20.52µm
_3054_,20.52µm
_3253_,20.48µm
_2543_,20.46µm
_2472_,20.44µm
net30,20.4µm
_0769_,20.38µm
_2550_,20.37µm
_2005_,20.34µm
_2078_,20.3µm
_1328_,20.26µm
_3199_,20.19µm
_0087_,20.14µm
_0805_,20.14µm
_1758_,20.14µm
_1178_,20.12µm
_0450_,20.1µm
_1227_,20.08µm
_1513_,20.08µm
_3212_,20.08µm
_1059_,20.02µm
_1365_,20.02µm
_1444_,20µm
_1457_,20µm
_1036_,19.9µm
_2430_,19.885µm
_1963_,19.88µm
_2079_,19.88µm
_0050_,19.86µm
_2182_,19.86µm
_2409_,19.86µm
_1361_,19.78µm
_1511_,19.78µm
_2871_,19.78µm
_1422_,19.735µm
_2577_,19.7µm
_0997_,19.66µm
_0694_,19.6µm
_0965_,19.58µm
_2258_,19.58µm
_1376_,19.56µm
_0459_,19.54µm
_0963_,19.54µm
_3058_,19.52µm
_0173_,19.5µm
_0855_,19.5µm
_3119_,19.44µm
net111,19.44µm
_0441_,19.435µm
_0699_,19.42µm
_0453_,19.38µm
_2313_,19.36µm
_1355_,19.34µm
_1368_,19.34µm
_2774_,19.28µm
_0067_,19.26µm
_1798_,19.24µm
_1650_,19.2µm
_2756_,19.2µm
_3323_,19.16µm
_1257_,19.15µm
_1124_,19.12µm
net99,19.12µm
_1943_,19.1µm
_1245_,19.09µm
_0934_,19.06µm
_1202_,18.96µm
_1556_,18.94µm
_1090_,18.92µm
_1998_,18.92µm
_2168_,18.92µm
_0433_,18.86µm
_2223_,18.86µm
_1232_,18.82µm
_2821_,18.82µm
_1581_,18.8µm
_2418_,18.8µm
_1378_,18.78µm
_1089_,18.74µm
_0914_,18.68µm
_0121_,18.66µm
_0653_,18.66µm
_1638_,18.66µm
_2066_,18.64µm
_3315_,18.64µm
_0558_,18.6µm
_2748_,18.6µm
_1442_,18.58µm
_0880_,18.56µm
_2166_,18.555µm
_0169_,18.52µm
_1000_,18.52µm
_2797_,18.52µm
_2836_,18.52µm
_2181_,18.505µm
_2794_,18.48µm
_2851_,18.48µm
_0127_,18.475µm
_1719_,18.46µm
_1652_,18.44µm
_0882_,18.41µm
_1222_,18.405µm
_2007_,18.38µm
_2634_,18.38µm
_0398_,18.36µm
_0416_,18.36µm
_0521_,18.36µm
_2143_,18.3µm
_2368_,18.3µm
_0732_,18.28µm
_1246_,18.28µm
_2847_,18.245µm
_0643_,18.24µm
_0782_,18.24µm
_1664_,18.22µm
_0402_,18.2µm
_0109_,18.18µm
_2046_,18.18µm
_2662_,18.18µm
_0157_,18.14µm
_2443_,18.14µm
_1827_,18.12µm
_0537_,18.1µm
_0776_,18.08µm
_0868_,18.08µm
_1656_,18.055µm
_1326_,18.02µm
_1700_,18.02µm
_3210_,18.02µm
_1820_,17.98µm
_0894_,17.94µm
_1731_,17.94µm
_2551_,17.94µm
_3138_,17.94µm
_1698_,17.92µm
_0238_,17.91µm
_3087_,17.9µm
_3265_,17.9µm
net32,17.88µm
_1629_,17.86µm
_1751_,17.86µm
_0507_,17.82µm
_2001_,17.82µm
_2516_,17.82µm
_3157_,17.82µm
_0721_,17.8µm
_0214_,17.78µm
_1116_,17.78µm
_1358_,17.72µm
_3165_,17.71µm
_1249_,17.7µm
_2151_,17.7µm
_2146_,17.68µm
net88,17.68µm
_1597_,17.66µm
_1030_,17.64µm
_2483_,17.64µm
_2989_,17.64µm
_2135_,17.62µm
_2810_,17.6µm
_0391_,17.56µm
_1119_,17.54µm
_2366_,17.54µm
_1934_,17.52µm
_1171_,17.5µm
_2104_,17.48µm
_2246_,17.48µm
_2917_,17.48µm
_0990_,17.46µm
_1782_,17.46µm
_2673_,17.44µm
_0984_,17.42µm
_2895_,17.41µm
_2252_,17.38µm
_alu_i0.Datapath_i.reg_0.reg_out1\[7\],17.38µm
_2214_,17.36µm
_0054_,17.34µm
_0562_,17.32µm
_2111_,17.32µm
_0747_,17.3µm
_2376_,17.28µm
_1394_,17.26µm
_0770_,17.24µm
_0150_,17.22µm
_3122_,17.22µm
_0204_,17.2µm
_1908_,17.2µm
_2624_,17.2µm
_1617_,17.18µm
_3325_,17.14µm
_0471_,17.12µm
_1525_,17.12µm
_0027_,17.1µm
_0160_,17.1µm
_1321_,17.1µm
_0266_,17.06µm
_1261_,17.06µm
_1319_,17.06µm
_2357_,17.045µm
_0269_,17.04µm
_2749_,17.02µm
_3387_,17.02µm
_0554_,17µm
_1813_,17µm
_1930_,17µm
_0619_,16.98µm
_2192_,16.94µm
_1793_,16.91µm
_1161_,16.88µm
_0296_,16.84µm
_2832_,16.84µm
_2984_,16.8µm
_1669_,16.78µm
_1992_,16.78µm
_1194_,16.76µm
_1704_,16.76µm
_1538_,16.74µm
_2099_,16.74µm
_2772_,16.72µm
_0987_,16.7µm
_2350_,16.7µm
_3368_,16.68µm
_1354_,16.66µm
_1884_,16.6µm
net68,16.58µm
_1701_,16.54µm
_0058_,16.5µm
_0349_,16.5µm
_2894_,16.48µm
_2575_,16.44µm
_2656_,16.44µm
_2965_,16.42µm
_0749_,16.4µm
_1847_,16.38µm
_2587_,16.38µm
_alu_i0.Datapath_i.fu_alu_33673_33851.out1\[4\],16.345µm
_1825_,16.34µm
_2208_,16.32µm
_2742_,16.3µm
_2882_,16.3µm
_3064_,16.3µm
net65,16.3µm
_3403_,16.26µm
net113,16.26µm
_0596_,16.24µm
_1853_,16.24µm
_0028_,16.22µm
_0706_,16.22µm
_2347_,16.22µm
net43,16.22µm
_1822_,16.2µm
_2502_,16.2µm
_2600_,16.18µm
_3001_,16.18µm
_0120_,16.16µm
_0341_,16.16µm
_0448_,16.14µm
_0685_,16.14µm
_1035_,16.14µm
_2823_,16.14µm
_0893_,16.12µm
_1857_,16.12µm
_1256_,16.1µm
_2067_,16.1µm
_0146_,16.08µm
_1565_,16.06µm
_2850_,16.06µm
_2379_,16.04µm
_1286_,16.02µm
_2561_,15.98µm
_1238_,15.94µm
_2009_,15.94µm
_0887_,15.92µm
_0218_,15.9µm
_0364_,15.88µm
_0929_,15.86µm
_2827_,15.86µm
_1084_,15.84µm
_1262_,15.84µm
_3223_,15.84µm
_1298_,15.81µm
_0613_,15.8µm
_0865_,15.8µm
_2893_,15.78µm
_0159_,15.76µm
_1192_,15.76µm
_2891_,15.76µm
_0820_,15.74µm
_1141_,15.74µm
_1640_,15.74µm
_0387_,15.72µm
net69,15.72µm
_0681_,15.68µm
_1947_,15.68µm
_0664_,15.66µm
_3011_,15.66µm
_0979_,15.62µm
_3220_,15.56µm
_3227_,15.56µm
_3337_,15.56µm
_1458_,15.55µm
_3279_,15.54µm
_2180_,15.52µm
_1559_,15.5µm
_2491_,15.5µm
_3372_,15.5µm
_0920_,15.48µm
_1131_,15.46µm
_2573_,15.4µm
_0696_,15.38µm
_3255_,15.38µm
_3268_,15.38µm
_1453_,15.36µm
_1677_,15.36µm
_0220_,15.34µm
_0679_,15.34µm
_1499_,15.34µm
_0247_,15.32µm
_1350_,15.3µm
_3240_,15.28µm
_0578_,15.26µm
_2872_,15.26µm
_0326_,15.24µm
_0693_,15.22µm
_1037_,15.22µm
_2644_,15.22µm
_0110_,15.14µm
net114,15.14µm
_1593_,15.13µm
_0692_,15.12µm
_1929_,15.12µm
_3313_,15.1µm
_1208_,15.08µm
_1695_,15.06µm
_1102_,15.04µm
_0683_,15.025µm
_0337_,15.02µm
_1500_,15.02µm
_1054_,14.98µm
_1160_,14.98µm
_3164_,14.98µm
_2019_,14.96µm
_0525_,14.92µm
_0511_,14.905µm
_0942_,14.9µm
_1244_,14.88µm
_2659_,14.88µm
_2721_,14.88µm
_3142_,14.88µm
_3296_,14.88µm
_0751_,14.86µm
_1671_,14.86µm
_0445_,14.84µm
_0458_,14.84µm
_1676_,14.82µm
_0181_,14.8µm
_0361_,14.8µm
_0649_,14.8µm
_1454_,14.8µm
_0455_,14.78µm
_0539_,14.78µm
_1836_,14.78µm
_1621_,14.76µm
_1639_,14.76µm
_2306_,14.76µm
_2548_,14.76µm
_1195_,14.74µm
_0095_,14.7µm
_1568_,14.68µm
_0553_,14.66µm
_1709_,14.64µm
_1682_,14.62µm
_0610_,14.6µm
_2799_,14.6µm
_1391_,14.565µm
_1125_,14.56µm
_2655_,14.56µm
_1999_,14.54µm
_2383_,14.53µm
_0280_,14.52µm
_2089_,14.52µm
_3106_,14.52µm
_0244_,14.515µm
_alu_i0.Datapath_i.fu_alu_33673_33851.out1\[2\],14.505µm
_0118_,14.48µm
_0322_,14.48µm
_2806_,14.48µm
_0288_,14.46µm
_0667_,14.46µm
_2062_,14.46µm
_0532_,14.44µm
_1213_,14.44µm
_1988_,14.44µm
_1689_,14.42µm
_1968_,14.42µm
_1410_,14.415µm
_1418_,14.4µm
_2677_,14.4µm
_0031_,14.38µm
_1014_,14.38µm
_1033_,14.38µm
_1112_,14.38µm
_1446_,14.375µm
_0312_,14.36µm
_1848_,14.36µm
_2476_,14.36µm
_2331_,14.34µm
_2342_,14.34µm
_1515_,14.3µm
_1544_,14.3µm
_2091_,14.3µm
_2523_,14.3µm
_3302_,14.3µm
_3350_,14.3µm
_0786_,14.29µm
_2597_,14.28µm
_1795_,14.26µm
_2141_,14.26µm
_1766_,14.24µm
_1229_,14.22µm
_1545_,14.22µm
_0514_,14.2µm
_1994_,14.14µm
_2043_,14.12µm
_1976_,14.1µm
_2170_,14.1µm
_2564_,14.1µm
net50,14.08µm
_0384_,14.06µm
_1095_,14.055µm
_0551_,14.04µm
_1236_,14.04µm
_3080_,14.04µm
_0143_,14.02µm
_3115_,14.02µm
_3363_,14.02µm
_0032_,14µm
_0791_,14µm
_1642_,14µm
_1899_,13.98µm
_2439_,13.96µm
_0986_,13.92µm
_2405_,13.92µm
_0533_,13.9µm
_0945_,13.9µm
_1163_,13.9µm
_2629_,13.9µm
_0600_,13.88µm
_1413_,13.88µm
_1613_,13.88µm
_0295_,13.865µm
_1897_,13.86µm
_0576_,13.84µm
_0765_,13.84µm
_0982_,13.82µm
_1562_,13.82µm
_1937_,13.82µm
_1109_,13.8µm
_0587_,13.78µm
_0754_,13.78µm
_2167_,13.78µm
_2886_,13.78µm
_0155_,13.76µm
_0569_,13.76µm
_1705_,13.76µm
net110,13.76µm
_0305_,13.75µm
_2590_,13.73µm
_1711_,13.72µm
_1890_,13.72µm
_2189_,13.72µm
_1448_,13.7µm
_1050_,13.68µm
_0449_,13.64µm
_2988_,13.64µm
_3150_,13.64µm
_0884_,13.6µm
_3246_,13.6µm
_1082_,13.58µm
_0573_,13.56µm
_1622_,13.56µm
_1923_,13.56µm
_0834_,13.54µm
_3343_,13.54µm
_0258_,13.52µm
_2245_,13.52µm
_1225_,13.5µm
_3256_,13.5µm
_alu_i0.Datapath_i.reg_0.reg_out1\[30\],13.5µm
_2304_,13.46µm
_0302_,13.44µm
_1220_,13.44µm
_1852_,13.42µm
_1907_,13.42µm
_1995_,13.42µm
_1412_,13.4µm
_1625_,13.4µm
_1915_,13.4µm
_1958_,13.4µm
_1797_,13.38µm
_0851_,13.36µm
_1049_,13.36µm
_1162_,13.36µm
_2107_,13.36µm
_3131_,13.355µm
_1504_,13.34µm
_0777_,13.32µm
_1159_,13.32µm
_2843_,13.32µm
_2030_,13.305µm
_0051_,13.3µm
_2336_,13.3µm
_1397_,13.28µm
_3168_,13.28µm
_3385_,13.28µm
_0137_,13.26µm
_0903_,13.26µm
_2452_,13.24µm
_2937_,13.24µm
_2109_,13.22µm
_3211_,13.22µm
_1455_,13.2µm
_2219_,13.2µm
_2414_,13.2µm
_2853_,13.2µm
_3092_,13.2µm
_1468_,13.18µm
_0138_,13.16µm
_0346_,13.16µm
_2669_,13.16µm
_0607_,13.13µm
_0203_,13.12µm
_0323_,13.115µm
_0536_,13.085µm
_0969_,13.08µm
_1297_,13.08µm
_1839_,13.04µm
_2173_,13.04µm
_2835_,13.04µm
_0947_,13.02µm
_3078_,13.02µm
_0102_,13µm
_0484_,13µm
_1201_,13µm
_0064_,12.98µm
_0403_,12.98µm
_1076_,12.96µm
_1552_,12.96µm
_1619_,12.96µm
_2284_,12.96µm
_0313_,12.94µm
_0527_,12.94µm
_0717_,12.94µm
_2326_,12.94µm
_1215_,12.925µm
_1713_,12.92µm
_3203_,12.92µm
_3394_,12.92µm
_1966_,12.9µm
_0126_,12.885µm
_0843_,12.88µm
_2164_,12.88µm
_3230_,12.88µm
_0916_,12.86µm
_1108_,12.86µm
_2521_,12.86µm
_1493_,12.84µm
_2212_,12.84µm
_0301_,12.82µm
_2424_,12.82µm
_0892_,12.8µm
_1164_,12.76µm
_1452_,12.76µm
_2038_,12.76µm
_2432_,12.76µm
net102,12.76µm
_2457_,12.745µm
_0111_,12.72µm
_0112_,12.72µm
_1020_,12.72µm
_1842_,12.72µm
_2487_,12.72µm
_0476_,12.7µm
_1703_,12.7µm
_3291_,12.7µm
_0122_,12.68µm
_1421_,12.68µm
_2055_,12.68µm
_0849_,12.66µm
_0153_,12.64µm
_2057_,12.64µm
_2438_,12.64µm
_0801_,12.62µm
_2594_,12.62µm
_2686_,12.62µm
_2921_,12.62µm
_1165_,12.61µm
_2102_,12.58µm
_2939_,12.58µm
_0456_,12.54µm
_1003_,12.54µm
_2341_,12.54µm
_2296_,12.52µm
_2411_,12.51µm
_0989_,12.5µm
_1406_,12.5µm
_2497_,12.5µm
_2702_,12.5µm
_2964_,12.5µm
_1775_,12.48µm
_2860_,12.465µm
_0614_,12.46µm
_1668_,12.46µm
_2061_,12.46µm
_2912_,12.46µm
_2468_,12.44µm
_0690_,12.42µm
_0968_,12.42µm
_1334_,12.42µm
_1548_,12.42µm
_2396_,12.42µm
_1281_,12.4µm
_1293_,12.4µm
_0900_,12.36µm
_alu_i0.Controller_i._present_state\[0\],12.36µm
_2307_,12.34µm
_0037_,12.3µm
_0208_,12.3µm
_0357_,12.3µm
_0425_,12.3µm
_1783_,12.3µm
_3140_,12.3µm
_0196_,12.26µm
_0489_,12.26µm
_0844_,12.26µm
_2645_,12.26µm
_2664_,12.26µm
_3399_,12.26µm
_0281_,12.24µm
_2065_,12.22µm
_2490_,12.22µm
_0981_,12.2µm
_alu_i0.Controller_i._present_state\[1\],12.2µm
_1549_,12.18µm
_2526_,12.18µm
_3173_,12.18µm
_0540_,12.16µm
_0781_,12.16µm
_1573_,12.16µm
_0686_,12.14µm
_3205_,12.14µm
_1258_,12.12µm
_2568_,12.12µm
_2734_,12.12µm
_3236_,12.12µm
_0437_,12.1µm
_1204_,12.1µm
_0492_,12.08µm
_0691_,12.08µm
_1066_,12.06µm
_1753_,12.06µm
_1123_,12.04µm
_1414_,12.04µm
_1501_,12.04µm
_2174_,12.04µm
_2506_,12.04µm
_3262_,12.04µm
_0400_,12.03µm
_1647_,12.02µm
_1845_,12.02µm
_0817_,12µm
_2229_,12µm
_3018_,11.98µm
_1407_,11.97µm
_0207_,11.96µm
_0248_,11.96µm
_0996_,11.96µm
_1716_,11.96µm
_2647_,11.96µm
_0716_,11.93µm
_0107_,11.92µm
_0254_,11.92µm
_2131_,11.92µm
_0268_,11.905µm
_0073_,11.9µm
_0461_,11.9µm
_2446_,11.9µm
_0166_,11.88µm
_2501_,11.88µm
_1038_,11.86µm
_0209_,11.84µm
_0372_,11.84µm
_0928_,11.84µm
_1341_,11.84µm
_0430_,11.82µm
_0468_,11.8µm
_0529_,11.78µm
_0603_,11.78µm
_1228_,11.78µm
_2303_,11.78µm
_3042_,11.78µm
_1892_,11.76µm
_2520_,11.76µm
_3352_,11.76µm
_0477_,11.74µm
_0177_,11.72µm
_0861_,11.72µm
_1680_,11.72µm
_2355_,11.72µm
_0303_,11.7µm
_0922_,11.7µm
_2118_,11.7µm
_2375_,11.7µm
_2387_,11.7µm
net77,11.7µm
_1005_,11.68µm
_0479_,11.66µm
_0879_,11.66µm
_1026_,11.66µm
_2112_,11.66µm
_0156_,11.64µm
_0741_,11.64µm
_2918_,11.64µm
_1115_,11.62µm
_2537_,11.62µm
_0464_,11.605µm
_0709_,11.58µm
_0760_,11.58µm
_0818_,11.58µm
_1143_,11.58µm
_1209_,11.58µm
_1989_,11.58µm
_2503_,11.58µm
_0201_,11.56µm
_0678_,11.56µm
_3128_,11.56µm
_0174_,11.54µm
_0750_,11.54µm
_1672_,11.49µm
_1702_,11.48µm
_0446_,11.46µm
_0634_,11.46µm
_1006_,11.46µm
_2101_,11.46µm
_2606_,11.46µm
_3171_,11.46µm
_3392_,11.46µm
_0377_,11.44µm
_2136_,11.44µm
_2333_,11.44µm
_2082_,11.42µm
_2338_,11.42µm
_2864_,11.42µm
_3056_,11.42µm
_0846_,11.38µm
_0943_,11.38µm
_2027_,11.38µm
_2658_,11.38µm
_1065_,11.36µm
net48,11.36µm
_1576_,11.34µm
_1609_,11.34µm
_2427_,11.34µm
_0232_,11.32µm
_0439_,11.32µm
_1121_,11.32µm
_1356_,11.32µm
_1830_,11.32µm
_3019_,11.32µm
net49,11.32µm
_0502_,11.3µm
_1509_,11.3µm
_1873_,11.3µm
_2004_,11.3µm
_0225_,11.28µm
_2814_,11.28µm
_0017_,11.26µm
_0264_,11.26µm
_0506_,11.26µm
_1630_,11.26µm
_1083_,11.24µm
_2317_,11.24µm
_0202_,11.22µm
_0570_,11.22µm
_0924_,11.22µm
_1251_,11.22µm
_1632_,11.22µm
_1280_,11.2µm
_1603_,11.2µm
_2346_,11.2µm
_2944_,11.2µm
_0911_,11.18µm
_2049_,11.18µm
_0176_,11.16µm
_2809_,11.16µm
_1387_,11.13µm
_0746_,11.12µm
_0790_,11.12µm
_0948_,11.11µm
_1727_,11.1µm
_1946_,11.1µm
_2176_,11.1µm
_0581_,11.08µm
_1828_,11.08µm
_1837_,11.06µm
_0142_,11.04µm
_0500_,11.04µm
_0575_,11.04µm
_1047_,11.02µm
_2325_,11.02µm
_3234_,11.02µm
_3261_,11.02µm
_0338_,11µm
_1450_,11µm
_2021_,11µm
_1546_,10.98µm
_1420_,10.96µm
_1514_,10.96µm
_1882_,10.96µm
_3344_,10.96µm
_2878_,10.94µm
_2947_,10.94µm
_3141_,10.94µm
_1284_,10.92µm
_2811_,10.9µm
_0594_,10.88µm
_1488_,10.88µm
_3161_,10.88µm
_0300_,10.84µm
_3270_,10.82µm
_1811_,10.8µm
_2234_,10.8µm
_alu_i0.Datapath_i.fu_alu_33673_33851.out1\[6\],10.785µm
_0316_,10.78µm
_1226_,10.78µm
_2565_,10.78µm
_3008_,10.78µm
_0060_,10.76µm
_0421_,10.76µm
_1809_,10.76µm
_2080_,10.76µm
_0133_,10.74µm
_1088_,10.74µm
_1096_,10.74µm
_2133_,10.74µm
_2283_,10.74µm
_1796_,10.72µm
_2034_,10.72µm
_1690_,10.705µm
_0451_,10.7µm
_1009_,10.7µm
_1443_,10.7µm
_2966_,10.7µm
_1537_,10.68µm
_2293_,10.68µm
_1916_,10.665µm
_1279_,10.66µm
_1905_,10.66µm
_1924_,10.66µm
_2792_,10.66µm
_2867_,10.66µm
_0101_,10.64µm
_1111_,10.64µm
_2583_,10.64µm
_0131_,10.62µm
_0376_,10.62µm
_1416_,10.62µm
_2311_,10.62µm
_3186_,10.62µm
net116,10.62µm
_0097_,10.58µm
_1807_,10.58µm
_2006_,10.58µm
_2404_,10.58µm
_2618_,10.58µm
_0792_,10.56µm
_0715_,10.54µm
_2863_,10.54µm
_3293_,10.52µm
_3300_,10.52µm
_0230_,10.505µm
_1961_,10.505µm
_1764_,10.5µm
_1832_,10.5µm
_2015_,10.5µm
_2473_,10.5µm
_2837_,10.5µm
_0684_,10.48µm
_2069_,10.48µm
_2251_,10.48µm
_2277_,10.465µm
_0890_,10.46µm
_1409_,10.46µm
_1956_,10.46µm
_alu_i0.Datapath_i.reg_0.reg_out1\[23\],10.46µm
_0756_,10.44µm
_3055_,10.44µm
_0297_,10.42µm
_0549_,10.42µm
_0832_,10.42µm
_0973_,10.42µm
_3049_,10.42µm
_0422_,10.4µm
_0565_,10.4µm
_1285_,10.39µm
_0627_,10.385µm
_0870_,10.38µm
_0992_,10.38µm
_2205_,10.38µm
_1480_,10.36µm
_2767_,10.36µm
_2896_,10.36µm
_0030_,10.355µm
_0921_,10.34µm
_2156_,10.34µm
_0025_,10.32µm
_0140_,10.32µm
_0392_,10.32µm
_1479_,10.32µm
_1496_,10.32µm
_2330_,10.32µm
_2370_,10.32µm
_2685_,10.32µm
_2866_,10.32µm
_1886_,10.31µm
_0682_,10.3µm
_2608_,10.3µm
_3214_,10.3µm
_0469_,10.28µm
_0493_,10.28µm
_0646_,10.28µm
_1957_,10.28µm
_2901_,10.28µm
_0845_,10.26µm
_0897_,10.24µm
_1052_,10.24µm
_1329_,10.24µm
_1575_,10.24µm
_1612_,10.24µm
_2881_,10.24µm
_2979_,10.24µm
_3370_,10.24µm
_0712_,10.22µm
_0216_,10.2µm
_0250_,10.2µm
_0452_,10.2µm
_1296_,10.18µm
_1385_,10.18µm
_1011_,10.16µm
_2059_,10.16µm
_2238_,10.16µm
_2260_,10.16µm
_2393_,10.16µm
_2518_,10.16µm
_2719_,10.16µm
_0124_,10.14µm
_0276_,10.12µm
_0959_,10.12µm
_0962_,10.12µm
_1579_,10.12µm
_2328_,10.12µm
_1299_,10.1µm
_0249_,10.08µm
_1889_,10.08µm
_0629_,10.07µm
_0466_,10.04µm
_0598_,10.04µm
_0766_,10.04µm
_1838_,10.04µm
_1903_,10.04µm
_1492_,10.02µm
_0831_,10µm
_1774_,10µm
_2130_,10µm
_alu_i0.Datapath_i.reg_0.reg_out1\[24\],10µm
_2290_,9.995µm
_0867_,9.98µm
_1900_,9.98µm
_0307_,9.96µm
_2996_,9.96µm
_0442_,9.94µm
_1372_,9.94µm
_0083_,9.92µm
_0223_,9.92µm
_1392_,9.92µm
_1558_,9.9µm
_0904_,9.885µm
_0309_,9.88µm
_0612_,9.88µm
_0713_,9.88µm
_1729_,9.88µm
_0743_,9.865µm
_1459_,9.865µm
_0404_,9.86µm
_0548_,9.86µm
_1383_,9.86µm
_1502_,9.86µm
_1778_,9.86µm
_2236_,9.86µm
_3390_,9.86µm
_2116_,9.845µm
_0362_,9.84µm
_1145_,9.84µm
_3316_,9.84µm
_0677_,9.83µm
_1590_,9.82µm
_1928_,9.82µm
_2859_,9.82µm
_1449_,9.8µm
_2228_,9.8µm
_0399_,9.78µm
_0472_,9.78µm
_1834_,9.78µm
_2224_,9.78µm
_3277_,9.78µm
_2936_,9.76µm
_2340_,9.745µm
_0857_,9.74µm
_1659_,9.74µm
_1760_,9.74µm
_2217_,9.74µm
_0272_,9.72µm
_0482_,9.72µm
_0592_,9.72µm
_0616_,9.7µm
_1172_,9.7µm
_1320_,9.7µm
_1353_,9.7µm
_1637_,9.7µm
_3362_,9.7µm
_0113_,9.66µm
_0662_,9.66µm
_0807_,9.66µm
_2165_,9.66µm
_2395_,9.66µm
_2838_,9.66µm
_3288_,9.66µm
_0481_,9.62µm
_0530_,9.62µm
_1476_,9.62µm
_2507_,9.62µm
_2510_,9.62µm
_3338_,9.62µm
_2508_,9.61µm
_0136_,9.6µm
_0057_,9.58µm
_0123_,9.58µm
_0365_,9.58µm
_0583_,9.58µm
_0652_,9.58µm
_2138_,9.58µm
_2323_,9.58µm
_2769_,9.56µm
_0759_,9.55µm
_0495_,9.54µm
_2954_,9.54µm
_2158_,9.52µm
_0764_,9.5µm
_1616_,9.5µm
_1919_,9.5µm
_2567_,9.5µm
_1528_,9.48µm
_1570_,9.48µm
_2957_,9.48µm
_0543_,9.46µm
_1051_,9.46µm
_1510_,9.46µm
_3184_,9.45µm
_0251_,9.44µm
_0639_,9.44µm
_0998_,9.44µm
_1217_,9.44µm
_1533_,9.44µm
_1598_,9.44µm
_1790_,9.44µm
_0210_,9.42µm
_0559_,9.42µm
_0585_,9.42µm
_1693_,9.42µm
_2123_,9.42µm
_2588_,9.42µm
_1747_,9.41µm
_0091_,9.4µm
_0635_,9.4µm
_0379_,9.38µm
_0804_,9.38µm
_1491_,9.38µm
_1588_,9.38µm
_1260_,9.37µm
_0626_,9.36µm
_0648_,9.36µm
_0740_,9.36µm
_1277_,9.36µm
_1683_,9.36µm
_1860_,9.36µm
_2589_,9.36µm
_3332_,9.34µm
_0061_,9.32µm
_0242_,9.32µm
_0340_,9.32µm
_1060_,9.32µm
_1106_,9.32µm
_2378_,9.32µm
_2758_,9.32µm
_alu_i0.Controller_i._present_state\[2\],9.32µm
_alu_i0.Datapath_i.reg_0.reg_out1\[4\],9.32µm
_0129_,9.28µm
_0135_,9.28µm
_0833_,9.28µm
_0957_,9.28µm
_1183_,9.28µm
_1417_,9.28µm
_1779_,9.28µm
_3312_,9.28µm
_0617_,9.27µm
_2407_,9.26µm
_0412_,9.24µm
_0580_,9.24µm
_1198_,9.24µm
_1427_,9.24µm
_2273_,9.24µm
_2349_,9.24µm
_0985_,9.23µm
_0949_,9.22µm
_2081_,9.22µm
_0189_,9.2µm
_1872_,9.2µm
_2493_,9.2µm
_3233_,9.2µm
_0440_,9.18µm
_0480_,9.16µm
_0991_,9.16µm
_1086_,9.16µm
_1367_,9.16µm
_1577_,9.16µm
_1685_,9.16µm
_2337_,9.16µm
_0200_,9.14µm
_0654_,9.14µm
_0371_,9.12µm
_0854_,9.12µm
_0905_,9.12µm
_1483_,9.12µm
_2226_,9.12µm
_2544_,9.12µm
_1948_,9.1µm
_1736_,9.095µm
_2529_,9.06µm
_0094_,9.04µm
_0796_,9.04µm
_0810_,9.04µm
_1349_,9.04µm
_1560_,9.04µm
_1911_,9.04µm
_2068_,9.04µm
_3335_,9.04µm
_0246_,9.02µm
_1780_,9.02µm
_0697_,8.98µm
_0975_,8.98µm
_1073_,8.98µm
_1708_,8.98µm
_1997_,8.98µm
_2445_,8.98µm
_2874_,8.98µm
_0292_,8.94µm
_0961_,8.94µm
_0966_,8.94µm
_2047_,8.94µm
_0096_,8.92µm
_0447_,8.92µm
_0695_,8.92µm
_1627_,8.92µm
_1678_,8.92µm
_1759_,8.92µm
_0517_,8.91µm
_0534_,8.9µm
_0722_,8.9µm
_0742_,8.9µm
_1153_,8.9µm
_1485_,8.9µm
_2020_,8.9µm
_2973_,8.9µm
_0816_,8.86µm
_2225_,8.86µm
_2285_,8.86µm
_0932_,8.84µm
_1104_,8.84µm
_2403_,8.84µm
_2737_,8.84µm
_2026_,8.825µm
_0967_,8.82µm
_2437_,8.82µm
_1331_,8.81µm
_0633_,8.8µm
_2675_,8.8µm
_0185_,8.78µm
_0800_,8.78µm
_1641_,8.78µm
_1706_,8.78µm
_1826_,8.78µm
_2097_,8.78µm
_2288_,8.78µm
_2239_,8.76µm
_3347_,8.76µm
_0233_,8.74µm
_0335_,8.74µm
_1540_,8.74µm
_1566_,8.74µm
_3287_,8.74µm
_0994_,8.72µm
_3000_,8.72µm
_1327_,8.7µm
_1343_,8.7µm
_1746_,8.7µm
_1854_,8.7µm
_2147_,8.7µm
_1643_,8.68µm
_0105_,8.66µm
_0277_,8.66µm
_1526_,8.66µm
_1971_,8.66µm
_2094_,8.66µm
_2535_,8.66µm
_2540_,8.66µm
_3176_,8.66µm
_0496_,8.62µm
_0659_,8.62µm
_2354_,8.6µm
_0134_,8.58µm
_0182_,8.58µm
_0298_,8.58µm
_0531_,8.58µm
_1007_,8.58µm
_1973_,8.58µm
_2985_,8.58µm
_3183_,8.58µm
_0328_,8.56µm
_0487_,8.56µm
_0636_,8.56µm
_0931_,8.56µm
_1843_,8.56µm
_1849_,8.56µm
_1871_,8.56µm
_2477_,8.56µm
_1304_,8.54µm
_2207_,8.54µm
_1767_,8.52µm
_2596_,8.52µm
_2905_,8.52µm
_3202_,8.52µm
_0395_,8.5µm
_1607_,8.5µm
_3096_,8.5µm
_0265_,8.48µm
_0812_,8.48µm
_1553_,8.48µm
_1912_,8.48µm
_2422_,8.48µm
_2648_,8.48µm
_2653_,8.48µm
_0239_,8.46µm
_2289_,8.455µm
_0299_,8.44µm
_0454_,8.44µm
_0555_,8.44µm
_0881_,8.44µm
_1737_,8.44µm
_1794_,8.44µm
_1904_,8.44µm
_2875_,8.44µm
_2951_,8.44µm
_3219_,8.425µm
_1053_,8.42µm
_1027_,8.4µm
_2660_,8.4µm
_2765_,8.4µm
net72,8.4µm
_2725_,8.385µm
_1433_,8.38µm
_0783_,8.36µm
_0802_,8.36µm
_0839_,8.36µm
_1490_,8.36µm
_1990_,8.36µm
_2153_,8.36µm
_3318_,8.36µm
_1879_,8.345µm
_0410_,8.34µm
_0550_,8.34µm
_3093_,8.34µm
_alu_i0.Datapath_i.reg_0.reg_out1\[6\],8.34µm
_0243_,8.32µm
_0564_,8.32µm
_0604_,8.32µm
_0811_,8.32µm
_1031_,8.32µm
_1315_,8.32µm
_1451_,8.32µm
_1507_,8.32µm
_1534_,8.32µm
_1978_,8.32µm
_2489_,8.32µm
_3192_,8.32µm
_2619_,8.3µm
_1187_,8.28µm
_2723_,8.28µm
_2459_,8.275µm
_0241_,8.24µm
_0827_,8.24µm
_1728_,8.24µm
_0304_,8.22µm
_0386_,8.22µm
_0651_,8.22µm
_1137_,8.22µm
_2676_,8.22µm
_0171_,8.2µm
_0666_,8.2µm
_0886_,8.2µm
_0946_,8.2µm
_1250_,8.2µm
_2045_,8.2µm
_2635_,8.2µm
_0108_,8.18µm
_0689_,8.16µm
_0937_,8.16µm
_1148_,8.16µm
_2470_,8.16µm
_0512_,8.135µm
_0093_,8.12µm
_0640_,8.12µm
_0718_,8.12µm
_0736_,8.12µm
_0799_,8.12µm
_2231_,8.12µm
_0318_,8.1µm
_0835_,8.1µm
_0930_,8.1µm
_1314_,8.1µm
_2301_,8.1µm
_0103_,8.08µm
_0125_,8.08µm
_0705_,8.08µm
_1464_,8.08µm
_2329_,8.08µm
_2353_,8.08µm
_0079_,8.06µm
_1755_,8.06µm
_2415_,8.06µm
_2703_,8.06µm
_1878_,8.04µm
_0139_,8.035µm
_1147_,8.02µm
_1926_,8.02µm
_2024_,8.02µm
_2990_,8.02µm
_3014_,8.02µm
_3084_,8.02µm
_0761_,8µm
_1155_,8µm
_1935_,8µm
_0505_,7.98µm
_1022_,7.98µm
_2077_,7.98µm
_2272_,7.98µm
_3066_,7.98µm
_0618_,7.94µm
_1673_,7.94µm
_2700_,7.94µm
_0076_,7.92µm
_0840_,7.92µm
_1001_,7.92µm
_1952_,7.92µm
_0086_,7.9µm
_0180_,7.9µm
_0556_,7.9µm
_1212_,7.9µm
_1732_,7.9µm
_1740_,7.9µm
_1864_,7.9µm
_2042_,7.9µm
_2718_,7.9µm
_2982_,7.9µm
_alu_i0.Datapath_i.reg_0.reg_out1\[20\],7.9µm
_0460_,7.88µm
_0673_,7.88µm
_0663_,7.86µm
_0739_,7.86µm
_1017_,7.86µm
_1185_,7.86µm
_1278_,7.86µm
_2968_,7.86µm
_1440_,7.82µm
_2730_,7.82µm
_1787_,7.8µm
_2198_,7.8µm
_2631_,7.8µm
_0081_,7.78µm
_0260_,7.78µm
_1322_,7.78µm
_1635_,7.78µm
_1933_,7.78µm
_2255_,7.78µm
_2075_,7.76µm
_3009_,7.76µm
_3383_,7.76µm
_3282_,7.75µm
_0913_,7.74µm
_2607_,7.74µm
_0074_,7.72µm
_0424_,7.72µm
_2665_,7.7µm
net74,7.7µm
_2211_,7.68µm
_2460_,7.68µm
_2613_,7.68µm
_3160_,7.68µm
_1595_,7.67µm
_0053_,7.66µm
_0363_,7.66µm
_0510_,7.66µm
_0571_,7.66µm
_0599_,7.66µm
_0615_,7.66µm
_0632_,7.66µm
_0650_,7.66µm
_0767_,7.66µm
_0899_,7.66µm
_1792_,7.66µm
_1970_,7.66µm
_2083_,7.66µm
_2178_,7.66µm
_2279_,7.66µm
_2663_,7.66µm
_0499_,7.64µm
_0631_,7.64µm
_0752_,7.64µm
_1133_,7.64µm
_1742_,7.64µm
_1985_,7.64µm
_2031_,7.64µm
_2299_,7.64µm
_2604_,7.64µm
_2657_,7.64µm
_2558_,7.63µm
_2362_,7.62µm
_1467_,7.6µm
_2626_,7.6µm
_2697_,7.6µm
_3341_,7.6µm
_0078_,7.585µm
_0964_,7.58µm
_3172_,7.58µm
_0420_,7.56µm
_0680_,7.56µm
_0785_,7.56µm
_2447_,7.56µm
_0100_,7.54µm
_0356_,7.54µm
_2519_,7.54µm
_1402_,7.52µm
_1750_,7.52µm
_2139_,7.52µm
net76,7.52µm
_2692_,7.48µm
_2913_,7.48µm
_0485_,7.46µm
_1223_,7.46µm
_1345_,7.46µm
_1868_,7.46µm
_2528_,7.46µm
_0980_,7.44µm
_1741_,7.44µm
_1965_,7.44µm
_2230_,7.44µm
_2546_,7.44µm
_0141_,7.42µm
_0483_,7.42µm
_0927_,7.42µm
_0526_,7.4µm
_0630_,7.4µm
_0909_,7.4µm
_1040_,7.4µm
_1649_,7.4µm
_2315_,7.4µm
_3198_,7.4µm
_2992_,7.38µm
_0016_,7.34µm
_1058_,7.34µm
_1105_,7.33µm
_0211_,7.32µm
_0315_,7.32µm
_0567_,7.32µm
_0647_,7.32µm
_1289_,7.32µm
_2392_,7.32µm
_2425_,7.32µm
_2533_,7.32µm
_2592_,7.32µm
_3263_,7.32µm
_0494_,7.3µm
_1895_,7.3µm
_0075_,7.28µm
_0165_,7.28µm
_1530_,7.28µm
_1725_,7.28µm
_2191_,7.28µm
_3081_,7.28µm
_0273_,7.24µm
_0563_,7.24µm
_0035_,7.22µm
_0321_,7.22µm
_1824_,7.22µm
_2210_,7.22µm
_2744_,7.22µm
_3047_,7.22µm
_1405_,7.2µm
_1663_,7.2µm
_2134_,7.2µm
_2177_,7.2µm
_2295_,7.2µm
_2297_,7.2µm
_2327_,7.2µm
_2582_,7.2µm
_3180_,7.2µm
_1241_,7.18µm
_1359_,7.18µm
_1437_,7.18µm
_1445_,7.18µm
_2309_,7.18µm
_1601_,7.16µm
_1237_,7.14µm
_2781_,7.14µm
_3034_,7.14µm
_0170_,7.12µm
_1233_,7.12µm
_1631_,7.12µm
_1806_,7.12µm
_2324_,7.12µm
_2419_,7.12µm
_2599_,7.12µm
_2763_,7.12µm
_2784_,7.12µm
_0167_,7.1µm
_0821_,7.1µm
_1275_,7.1µm
_1306_,7.1µm
_1955_,7.1µm
_2636_,7.1µm
_3237_,7.1µm
_0601_,7.09µm
_0898_,7.09µm
_0068_,7.08µm
_0427_,7.08µm
_1174_,7.08µm
_1203_,7.08µm
_0178_,7.06µm
_0358_,7.06µm
_0675_,7.06µm
_0704_,7.06µm
_0773_,7.06µm
_0993_,7.06µm
_1247_,7.06µm
_1248_,7.06µm
_1657_,7.06µm
_2705_,7.06µm
_alu_i0.Datapath_i.reg_0.reg_out1\[1\],7.06µm
_1651_,7.04µm
_2585_,7.02µm
_0432_,7.01µm
_0023_,7µm
_0508_,7µm
_1271_,7µm
_1447_,7µm
_1786_,7µm
_0665_,6.98µm
_0778_,6.98µm
_0850_,6.98µm
_1330_,6.98µm
_1461_,6.98µm
_1944_,6.98µm
_2187_,6.98µm
_2190_,6.98µm
_2720_,6.98µm
_0426_,6.96µm
_0438_,6.96µm
_1547_,6.96µm
_0286_,6.94µm
_0566_,6.94µm
_0775_,6.94µm
_0940_,6.94µm
_1564_,6.94µm
_2266_,6.94µm
_2455_,6.94µm
_1591_,6.93µm
_2580_,6.92µm
_2638_,6.9µm
_0018_,6.86µm
_0423_,6.86µm
_0858_,6.86µm
_0936_,6.86µm
_1388_,6.86µm
_1390_,6.86µm
_1424_,6.86µm
_1942_,6.86µm
_2028_,6.86µm
_2188_,6.86µm
_3148_,6.86µm
_1282_,6.84µm
_0606_,6.82µm
_0788_,6.82µm
_1283_,6.82µm
_2257_,6.82µm
_3031_,6.82µm
_0116_,6.78µm
_0128_,6.78µm
_2148_,6.78µm
_1765_,6.775µm
_0130_,6.76µm
_0168_,6.76µm
_0289_,6.76µm
_0360_,6.76µm
_1888_,6.76µm
_2637_,6.76µm
_2768_,6.76µm
_0041_,6.74µm
_0388_,6.74µm
_0687_,6.74µm
_1370_,6.74µm
_1536_,6.74µm
_1945_,6.74µm
_2713_,6.74µm
_0099_,6.72µm
_0382_,6.72µm
_0657_,6.72µm
_1176_,6.72µm
_1381_,6.72µm
_1768_,6.72µm
_1817_,6.72µm
_2253_,6.72µm
_3109_,6.72µm
_0671_,6.7µm
_0003_,6.685µm
_1294_,6.66µm
_1954_,6.66µm
_1991_,6.66µm
_2090_,6.66µm
_2574_,6.66µm
_3053_,6.66µm
_0409_,6.64µm
_0411_,6.64µm
_1436_,6.64µm
_1489_,6.64µm
_1592_,6.64µm
_1858_,6.64µm
_2029_,6.64µm
_3123_,6.64µm
_2877_,6.635µm
_0939_,6.62µm
_3076_,6.62µm
_3356_,6.62µm
_0373_,6.6µm
_1181_,6.6µm
_1276_,6.6µm
_1363_,6.6µm
_2074_,6.6µm
_2202_,6.6µm
_2286_,6.6µm
_2956_,6.6µm
_3023_,6.6µm
_3275_,6.6µm
_2862_,6.585µm
_2888_,6.56µm
_1015_,6.54µm
_1666_,6.54µm
_2975_,6.54µm
_1529_,6.53µm
_3139_,6.53µm
_0396_,6.52µm
_0491_,6.52µm
_1002_,6.52µm
_1300_,6.52µm
_1891_,6.52µm
_1996_,6.52µm
_0267_,6.51µm
_1337_,6.51µm
_1173_,6.5µm
_1927_,6.5µm
_2463_,6.5µm
_1398_,6.48µm
_2152_,6.48µm
_2570_,6.48µm
_3374_,6.48µm
_alu_i0.Datapath_i.reg_0.reg_out1\[0\],6.48µm
_0591_,6.47µm
_0006_,6.46µm
_2389_,6.46µm
_2997_,6.46µm
_0234_,6.44µm
_0795_,6.44µm
_2480_,6.44µm
_2593_,6.44µm
_3401_,6.44µm
_0524_,6.4µm
_0546_,6.4µm
_1401_,6.4µm
_1532_,6.4µm
_1821_,6.4µm
_2199_,6.4µm
_2849_,6.4µm
_3358_,6.4µm
_1373_,6.38µm
_1456_,6.38µm
_1733_,6.38µm
_2674_,6.38µm
net47,6.38µm
_2183_,6.36µm
_2436_,6.33µm
_2358_,6.32µm
_1541_,6.3µm
_1605_,6.3µm
_2206_,6.3µm
_2760_,6.3µm
_2976_,6.3µm
_3077_,6.3µm
_3297_,6.3µm
_0147_,6.28µm
_0428_,6.28µm
_1122_,6.28µm
_1415_,6.28µm
_1931_,6.28µm
_2120_,6.28µm
_2203_,6.28µm
_2728_,6.28µm
_0195_,6.26µm
_0240_,6.26µm
_0768_,6.26µm
_0806_,6.26µm
_1196_,6.26µm
_2194_,6.26µm
_2453_,6.26µm
_2602_,6.26µm
_2603_,6.26µm
_2670_,6.26µm
_2731_,6.26µm
_2787_,6.26µm
_1771_,6.25µm
_0145_,6.2µm
_0935_,6.2µm
_1110_,6.2µm
_1679_,6.2µm
_1812_,6.2µm
_2197_,6.2µm
_3189_,6.2µm
_3284_,6.2µm
_0084_,6.18µm
_0330_,6.18µm
_0374_,6.18µm
_0509_,6.18µm
_0995_,6.18µm
_1290_,6.18µm
_1803_,6.18µm
_1972_,6.18µm
_2557_,6.18µm
_2727_,6.18µm
_3322_,6.18µm
_0154_,6.16µm
_0883_,6.16µm
_0229_,6.14µm
_0317_,6.14µm
_0620_,6.14µm
_0710_,6.14µm
_1071_,6.14µm
_1072_,6.14µm
_1240_,6.14µm
_1292_,6.14µm
_1463_,6.14µm
_1474_,6.14µm
_1744_,6.14µm
_2817_,6.14µm
_2873_,6.14µm
_1357_,6.08µm
_2870_,6.08µm
_3094_,6.08µm
_1216_,6.07µm
_0256_,6.06µm
_0370_,6.06µm
_0733_,6.06µm
_0753_,6.06µm
_0771_,6.06µm
_1399_,6.06µm
_1600_,6.06µm
_2092_,6.06µm
_2504_,6.06µm
_2611_,6.06µm
_3113_,6.055µm
_1045_,6.045µm
_0465_,6.02µm
_1068_,6.02µm
_1471_,6.02µm
_1512_,6.02µm
_2002_,6.02µm
_2201_,6.02µm
_0279_,5.99µm
_1862_,5.98µm
_2915_,5.98µm
_3187_,5.98µm
_2569_,5.96µm
_0763_,5.94µm
_1769_,5.94µm
_1993_,5.94µm
_2244_,5.94µm
_2474_,5.94µm
_2505_,5.94µm
_1620_,5.92µm
_3366_,5.9µm
_alu_i0.Datapath_i.fu_alu_33673_33851.out1\[1\],5.895µm
_2322_,5.86µm
_2488_,5.86µm
_2819_,5.86µm
_2831_,5.86µm
_0926_,5.845µm
_0658_,5.84µm
_0971_,5.84µm
_1323_,5.84µm
_2687_,5.84µm
_2824_,5.84µm
_2952_,5.84µm
_3181_,5.84µm
_0278_,5.82µm
_0719_,5.82µm
_0822_,5.82µm
_0954_,5.82µm
_1062_,5.82µm
_1120_,5.82µm
_1645_,5.82µm
_1696_,5.82µm
_1938_,5.82µm
_2121_,5.82µm
_2579_,5.82µm
_2931_,5.82µm
_0345_,5.815µm
_0734_,5.8µm
_0951_,5.8µm
_1362_,5.8µm
_1710_,5.8µm
_1921_,5.8µm
_1982_,5.8µm
_2312_,5.8µm
_2361_,5.8µm
_2513_,5.8µm
_2514_,5.8µm
_2584_,5.8µm
_2879_,5.8µm
_3043_,5.8µm
_3274_,5.8µm
_0669_,5.74µm
_1870_,5.74µm
_2032_,5.74µm
_2036_,5.74µm
_2235_,5.74µm
_2385_,5.74µm
_2524_,5.74µm
_2549_,5.74µm
_2554_,5.74µm
_0104_,5.72µm
_0183_,5.72µm
_1180_,5.72µm
_1606_,5.72µm
_1633_,5.72µm
_1681_,5.72µm
_2522_,5.72µm
_2623_,5.72µm
_2999_,5.72µm
_0891_,5.71µm
_0588_,5.7µm
_0864_,5.7µm
_1064_,5.7µm
_1697_,5.7µm
_0597_,5.695µm
_0184_,5.68µm
_0221_,5.68µm
_0723_,5.68µm
_1377_,5.68µm
_1469_,5.68µm
_1472_,5.68µm
_1508_,5.68µm
_1718_,5.68µm
_2196_,5.68µm
_3116_,5.655µm
_1138_,5.62µm
_1200_,5.62µm
_3252_,5.62µm
_0077_,5.6µm
_0306_,5.6µm
_0950_,5.6µm
_1781_,5.6µm
_1885_,5.6µm
_2265_,5.6µm
_2268_,5.6µm
_2398_,5.6µm
_2652_,5.58µm
_3182_,5.58µm
_0443_,5.575µm
_2563_,5.57µm
_0001_,5.545µm
_2559_,5.52µm
_2562_,5.5µm
_1018_,5.48µm
_1029_,5.48µm
_1055_,5.48µm
_1866_,5.48µm
_2022_,5.48µm
_2126_,5.48µm
_2458_,5.48µm
_2539_,5.48µm
_1235_,5.43µm
_0062_,5.4µm
_0656_,5.4µm
_0825_,5.4µm
_1151_,5.4µm
_1466_,5.4µm
_1596_,5.4µm
_1660_,5.4µm
_2475_,5.4µm
_0956_,5.38µm
_1344_,5.38µm
_2124_,5.38µm
_2377_,5.38µm
_2469_,5.38µm
_2552_,5.38µm
_0348_,5.36µm
_1127_,5.36µm
_1166_,5.36µm
_1351_,5.36µm
_1470_,5.36µm
_1535_,5.36µm
_1636_,5.36µm
_2274_,5.36µm
_2919_,5.36µm
_3030_,5.36µm
_0283_,5.34µm
_0285_,5.34µm
_0933_,5.34µm
_1016_,5.34µm
_1032_,5.34µm
_1801_,5.34µm
_1893_,5.34µm
_2804_,5.34µm
_3102_,5.34µm
_3396_,5.34µm
_2616_,5.33µm
_0978_,5.32µm
_0259_,5.29µm
_0275_,5.28µm
_0355_,5.28µm
_0528_,5.28µm
_1503_,5.28µm
_2186_,5.28µm
_2615_,5.28µm
_2708_,5.28µm
_0429_,5.26µm
_0490_,5.26µm
_1128_,5.26µm
_1403_,5.26µm
_1498_,5.26µm
_2691_,5.26µm
_2906_,5.26µm
_0780_,5.24µm
_0896_,5.24µm
_1940_,5.24µm
_0191_,5.22µm
_0270_,5.22µm
_0877_,5.22µm
_1041_,5.22µm
_1712_,5.22µm
_1804_,5.22µm
_2200_,5.22µm
_2420_,5.22µm
_2795_,5.22µm
_3303_,5.22µm
_0324_,5.19µm
_2854_,5.18µm
_0114_,5.16µm
_0162_,5.16µm
_0378_,5.16µm
_0497_,5.16µm
_1913_,5.16µm
_0359_,5.14µm
_0390_,5.14µm
_0584_,5.14µm
_0819_,5.14µm
_1056_,5.14µm
_1134_,5.14µm
_1144_,5.14µm
_1610_,5.14µm
_1653_,5.14µm
_2041_,5.14µm
_2496_,5.14µm
_2609_,5.14µm
_0757_,5.12µm
_0815_,5.12µm
_2344_,5.1µm
_0343_,5.06µm
_0407_,5.06µm
_2070_,5.06µm
_2643_,5.06µm
_0552_,5.04µm
_2410_,5.04µm
_0999_,5.02µm
_1167_,5.02µm
_1505_,5.02µm
_1707_,5.02µm
_2291_,5.02µm
_2525_,5.02µm
_3065_,5.02µm
_3248_,5.02µm
_0148_,5.015µm
_0024_,5µm
_0164_,5µm
_0257_,5µm
_0582_,5µm
_2161_,5µm
_0151_,4.94µm
_0842_,4.94µm
_1154_,4.94µm
_1295_,4.94µm
_2132_,4.94µm
_2250_,4.94µm
_2538_,4.94µm
_2844_,4.94µm
_2865_,4.94µm
_0175_,4.92µm
_0538_,4.92µm
_0644_,4.92µm
_1264_,4.92µm
_1379_,4.92µm
_1384_,4.92µm
_2815_,4.92µm
_3079_,4.92µm
_0708_,4.9µm
_0853_,4.9µm
_1604_,4.9µm
_2154_,4.9µm
_0406_,4.88µm
_0623_,4.88µm
_0725_,4.88µm
_0798_,4.88µm
_0837_,4.88µm
_0866_,4.88µm
_1019_,4.88µm
_1267_,4.88µm
_1720_,4.88µm
_1850_,4.88µm
_2435_,4.88µm
_2714_,4.88µm
_2741_,4.88µm
_3289_,4.88µm
_3360_,4.88µm
_0486_,4.825µm
_2679_,4.825µm
_0052_,4.82µm
_1486_,4.82µm
_1949_,4.82µm
_2360_,4.82µm
_0026_,4.8µm
_0331_,4.8µm
_0380_,4.8µm
_0953_,4.8µm
_1291_,4.8µm
_1614_,4.8µm
_1658_,4.8µm
_2466_,4.8µm
_2788_,4.8µm
_3292_,4.8µm
_3294_,4.8µm
_0188_,4.76µm
_0228_,4.76µm
_1687_,4.76µm
_1715_,4.76µm
_2351_,4.76µm
_2408_,4.76µm
_2649_,4.76µm
_2690_,4.76µm
_2892_,4.76µm
_2935_,4.76µm
_2113_,4.73µm
_1785_,4.7µm
_3121_,4.7µm
_3404_,4.7µm
_0515_,4.68µm
_1922_,4.68µm
_2071_,4.68µm
_2233_,4.68µm
_2484_,4.68µm
_2771_,4.68µm
_3333_,4.68µm
_0836_,4.66µm
_2100_,4.645µm
_3010_,4.635µm
_1101_,4.6µm
_2050_,4.59µm
_0350_,4.56µm
_0655_,4.56µm
_1380_,4.56µm
_3006_,4.56µm
_0291_,4.48µm
_0621_,4.48µm
_0727_,4.48µm
_1219_,4.48µm
_1735_,4.48µm
_2365_,4.48µm
_2495_,4.48µm
_2622_,4.48µm
_2627_,4.48µm
_2840_,4.48µm
_3304_,4.48µm
_3305_,4.48µm
net75,4.48µm
_1265_,4.46µm
_2545_,4.46µm
_2807_,4.46µm
_2813_,4.46µm
_3098_,4.46µm
_3355_,4.46µm
_3381_,4.46µm
_1776_,4.44µm
_0038_,4.42µm
_0875_,4.42µm
_1302_,4.42µm
_1438_,4.42µm
_2684_,4.42µm
_2746_,4.42µm
_2778_,4.42µm
net46,4.42µm
_0106_,4.36µm
_2417_,4.36µm
_2929_,4.36µm
_0014_,4.34µm
_0212_,4.34µm
_0605_,4.34µm
_0955_,4.34µm
_1023_,4.34µm
_1061_,4.34µm
_1634_,4.34µm
_1738_,4.34µm
_2115_,4.34µm
_2145_,4.34µm
_2264_,4.34µm
_2287_,4.34µm
_2320_,4.34µm
_2646_,4.34µm
_2736_,4.34µm
_3060_,4.34µm
_3364_,4.34µm
_1338_,4.33µm
_3380_,4.32µm
_0720_,4.24µm
_1986_,4.24µm
_2352_,4.225µm
_0637_,4.22µm
_0910_,4.22µm
_1252_,4.22µm
_2633_,4.22µm
_1863_,4.2µm
_2185_,4.18µm
_2987_,4.15µm
_1157_,4.14µm
_1335_,4.14µm
_2406_,4.14µm
_0803_,4.12µm
_3035_,4.12µm
_1274_,4.1µm
_1950_,4.1µm
_2359_,4.1µm
_2386_,4.1µm
_3225_,4.1µm
_0282_,4.08µm
_1980_,4.07µm
_0063_,4.02µm
_0702_,4.02µm
_1046_,4.02µm
_1224_,4.02µm
_1789_,4.02µm
_2175_,4.02µm
_2243_,4.02µm
_2698_,4.02µm
_2712_,4.02µm
_3243_,4.02µm
_0347_,4µm
_1527_,4µm
_1626_,4µm
_2232_,4µm
_2247_,4µm
_2308_,4µm
_2454_,4µm
_2800_,4µm
_2834_,4µm
_3073_,4µm
_3163_,4µm
_0314_,3.98µm
_0912_,3.98µm
_2883_,3.98µm
_3298_,3.98µm
_0983_,3.91µm
_0568_,3.9µm
_1170_,3.9µm
_1497_,3.9µm
_2372_,3.9µm
_2610_,3.9µm
_2900_,3.9µm
_0012_,3.88µm
_0194_,3.88µm
_0197_,3.88µm
_0227_,3.88µm
_0522_,3.88µm
_0714_,3.88µm
_1179_,3.88µm
_1301_,3.88µm
_1623_,3.88µm
_1745_,3.88µm
_2441_,3.88µm
_2591_,3.88µm
_2857_,3.88µm
_2991_,3.88µm
_3201_,3.88µm
_3365_,3.88µm
_3369_,3.88µm
_2517_,3.84µm
_2903_,3.79µm
_0002_,3.78µm
_0088_,3.78µm
_0513_,3.78µm
_2762_,3.78µm
_alu_i0.Datapath_i.reg_0.reg_out1\[5\],3.78µm
_0344_,3.76µm
_0401_,3.76µm
_1599_,3.76µm
_2534_,3.76µm
_2955_,3.76µm
_3007_,3.76µm
_2961_,3.74µm
net71,3.74µm
_2052_,3.71µm
_0115_,3.69µm
_0090_,3.68µm
_2048_,3.68µm
_3222_,3.68µm
_3257_,3.68µm
_3391_,3.68µm
_2500_,3.66µm
_2184_,3.64µm
_2494_,3.64µm
_2511_,3.64µm
_0287_,3.56µm
_1667_,3.56µm
_1920_,3.56µm
_2044_,3.56µm
_2614_,3.56µm
_2724_,3.56µm
_2789_,3.56µm
_2890_,3.56µm
_2970_,3.56µm
_3059_,3.56µm
_3149_,3.56µm
_3166_,3.56µm
_0072_,3.54µm
_0082_,3.54µm
_0231_,3.54µm
_0336_,3.54µm
_1382_,3.54µm
_1730_,3.54µm
_1802_,3.54µm
_2248_,3.54µm
_2630_,3.54µm
_2641_,3.54µm
_2766_,3.54µm
_2798_,3.54µm
_2994_,3.54µm
_3170_,3.54µm
_3388_,3.54µm
_1325_,3.52µm
_3101_,3.44µm
_3251_,3.44µm
_3395_,3.44µm
_0029_,3.42µm
_0463_,3.42µm
_0918_,3.42µm
_1067_,3.42µm
_1218_,3.42µm
_1269_,3.42µm
_1465_,3.42µm
_1917_,3.42µm
_2076_,3.42µm
_2240_,3.42µm
_2421_,3.42µm
_2512_,3.42µm
_2547_,3.42µm
_2598_,3.42µm
_3110_,3.42µm
_3195_,3.42µm
_2972_,3.41µm
_1975_,3.32µm
_3088_,3.32µm
_0149_,3.3µm
_1880_,3.3µm
_2345_,3.3µm
_3074_,3.3µm
_3090_,3.3µm
_0010_,3.22µm
_1169_,3.22µm
_1602_,3.22µm
_1762_,3.22µm
_2412_,3.22µm
_2682_,3.22µm
_2715_,3.22µm
_3067_,3.22µm
_3082_,3.22µm
_0152_,3.21µm
_0198_,3.2µm
_0219_,3.2µm
_0444_,3.2µm
_0797_,3.2µm
_2571_,3.2µm
_2852_,3.2µm
_3025_,3.2µm
net70,3.2µm
_1587_,3.18µm
_2364_,3.18µm
_2898_,3.18µm
_0161_,3.1µm
_0474_,3.1µm
_0544_,3.1µm
_0625_,3.1µm
_0872_,3.1µm
_1039_,3.1µm
_1098_,3.1µm
_1149_,3.1µm
_1859_,3.1µm
_1959_,3.1µm
_2688_,3.1µm
_2753_,3.1µm
_2907_,3.1µm
_3002_,3.1µm
_0043_,3.08µm
_0408_,3.08µm
_0828_,3.08µm
_1057_,3.08µm
_1063_,3.08µm
_1097_,3.08µm
_1103_,3.08µm
_1411_,3.08µm
_1865_,3.08µm
_2527_,3.08µm
_2612_,3.08µm
_2716_,3.08µm
_2796_,3.08µm
_3039_,3.08µm
_3147_,3.08µm
_3209_,3.08µm
_3216_,3.08µm
_2927_,3.01µm
_0794_,2.98µm
_1340_,2.98µm
_2632_,2.98µm
_2783_,2.98µm
_2899_,2.98µm
_0004_,2.96µm
_0021_,2.96µm
_0089_,2.96µm
_0172_,2.96µm
_0255_,2.96µm
_0478_,2.96µm
_0572_,2.96µm
_1156_,2.96µm
_1158_,2.96µm
_1400_,2.96µm
_2114_,2.96µm
_2128_,2.96µm
_2171_,2.96µm
_2275_,2.96µm
_2400_,2.96µm
_2555_,2.96µm
_2969_,2.96µm
_3271_,2.96µm
_3400_,2.96µm
_0698_,2.86µm
_2908_,2.86µm
_2039_,2.84µm
_2088_,2.84µm
_2930_,2.84µm
_0019_,2.835µm
_0071_,2.76µm
_0186_,2.76µm
_1004_,2.76µm
_1177_,2.76µm
_1724_,2.76µm
_2833_,2.76µm
_3206_,2.76µm
_3280_,2.75µm
_0375_,2.74µm
_1205_,2.74µm
_2541_,2.74µm
_2628_,2.74µm
_3151_,2.74µm
_3327_,2.74µm
_0119_,2.72µm
_2023_,2.72µm
_3045_,2.72µm
_0033_,2.64µm
_1044_,2.64µm
_1951_,2.64µm
_2119_,2.64µm
_2388_,2.64µm
_2759_,2.64µm
_3099_,2.64µm
_3286_,2.64µm
_3342_,2.64µm
_0070_,2.62µm
_0190_,2.62µm
_0293_,2.62µm
_0352_,2.62µm
_0545_,2.62µm
_0809_,2.62µm
_0941_,2.62µm
_1481_,2.62µm
_1748_,2.62µm
_1874_,2.62µm
_2801_,2.62µm
_2816_,2.62µm
_2880_,2.62µm
_2926_,2.62µm
_3040_,2.62µm
_3117_,2.62µm
_3221_,2.62µm
_3345_,2.62µm
_alu_i0.Datapath_i.reg_0.reg_out1\[3\],2.62µm
_2129_,2.615µm
_0290_,2.52µm
_1336_,2.52µm
_0022_,2.5µm
_0206_,2.5µm
_0319_,2.5µm
_0475_,2.5µm
_0519_,2.5µm
_0557_,2.5µm
_1099_,2.5µm
_1628_,2.5µm
_1743_,2.5µm
_1757_,2.5µm
_2371_,2.5µm
_2423_,2.5µm
_2605_,2.5µm
_2621_,2.5µm
_2732_,2.5µm
_2782_,2.5µm
_2856_,2.5µm
_3020_,2.5µm
_3124_,2.5µm
_3137_,2.5µm
_3208_,2.5µm
_3309_,2.5µm
_3346_,2.5µm
_3357_,2.5µm
_3382_,2.5µm
_3386_,2.5µm
_0048_,2.38µm
_0059_,2.3µm
_0080_,2.3µm
_0814_,2.3µm
_1107_,2.3µm
_1594_,2.3µm
_1618_,2.3µm
_1662_,2.3µm
_1739_,2.3µm
_1749_,2.3µm
_1805_,2.3µm
_1810_,2.3µm
_1881_,2.3µm
_2025_,2.3µm
_2339_,2.3µm
_2367_,2.3µm
_2394_,2.3µm
_2440_,2.3µm
_2499_,2.3µm
_2625_,2.3µm
_2689_,2.3µm
_2704_,2.3µm
_2928_,2.3µm
_2213_,2.28µm
_3013_,2.22µm
_1844_,2.185µm
_0005_,2.18µm
_0049_,2.18µm
_0144_,2.18µm
_0560_,2.18µm
_0641_,2.18µm
_1263_,2.18µm
_1389_,2.18µm
_1867_,2.18µm
_2267_,2.18µm
_2431_,2.18µm
_2640_,2.18µm
_2693_,2.18µm
_2711_,2.18µm
_2729_,2.18µm
_2735_,2.18µm
_2745_,2.18µm
_2971_,2.18µm
_3145_,2.18µm
_3188_,2.18µm
_0040_,2.16µm
_0944_,2.16µm
_1582_,2.16µm
_1661_,2.16µm
_1761_,2.16µm
_1906_,2.16µm
_1909_,2.16µm
_2016_,2.16µm
_2125_,2.16µm
_2227_,2.16µm
_2249_,2.16µm
_2348_,2.16µm
_2492_,2.16µm
_2793_,2.16µm
_2922_,2.16µm
_3118_,2.16µm
_3190_,2.16µm
_3226_,2.16µm
_3336_,2.16µm
_3340_,2.16µm
_1460_,2.125µm
_1531_,2.11µm
_2681_,2.06µm
_2710_,2.06µm
_2751_,2.06µm
_2757_,2.06µm
_2764_,2.06µm
_2855_,2.06µm
_2993_,2.06µm
_3063_,2.06µm
_3319_,2.06µm
_0042_,2.04µm
_0724_,2.04µm
_1404_,2.04µm
_2008_,2.04µm
_2678_,2.04µm
_2706_,2.04µm
_2773_,2.04µm
_2779_,2.04µm
_2785_,2.04µm
_2941_,2.04µm
_3015_,2.04µm
_3046_,2.04µm
_3112_,2.04µm
_3217_,2.04µm
_3258_,2.04µm
_3375_,2.04µm
_3377_,2.04µm
net73,2.04µm
_0034_,1.94µm
_2292_,1.94µm
_3379_,1.89µm
_0020_,1.84µm
_0542_,1.84µm
_0730_,1.84µm
_1010_,1.84µm
_2530_,1.84µm
_2904_,1.84µm
_3028_,1.84µm
_3057_,1.84µm
_3266_,1.84µm
_3281_,1.84µm
_3351_,1.84µm
_3398_,1.84µm
_0735_,1.82µm
_1395_,1.82µm
_2750_,1.82µm
_alu_i0.Datapath_i.reg_0.reg_out1\[2\],1.82µm
_0056_,1.72µm
_0541_,1.72µm
_0958_,1.72µm
_1910_,1.72µm
_2179_,1.72µm
_2391_,1.72µm
_2434_,1.72µm
_2707_,1.72µm
_3038_,1.72µm
_3232_,1.72µm
_3328_,1.72µm
_0008_,1.7µm
_0092_,1.7µm
_0245_,1.7µm
_0394_,1.7µm
_0405_,1.7µm
_0414_,1.7µm
_0622_,1.7µm
_0628_,1.7µm
_0638_,1.7µm
_0888_,1.7µm
_1584_,1.7µm
_1816_,1.7µm
_2035_,1.7µm
_2560_,1.7µm
_2566_,1.7µm
_2667_,1.7µm
_2671_,1.7µm
_2780_,1.7µm
_2846_,1.7µm
_2925_,1.7µm
_3061_,1.7µm
_3156_,1.7µm
_3207_,1.7µm
_3231_,1.7µm
_3235_,1.7µm
_3242_,1.7µm
_3250_,1.7µm
_3359_,1.7µm
net112,1.7µm
_3367_,1.65µm
_3354_,1.62µm
_2576_,1.6µm
_3012_,1.6µm
_0036_,1.48µm
_2948_,1.48µm
_3100_,1.48µm
_3273_,1.48µm
_3317_,1.48µm
_2909_,1.43µm
_0707_,1.38µm
_0901_,1.38µm
_0960_,1.38µm
_1008_,1.38µm
_1221_,1.38µm
_1339_,1.38µm
_1475_,1.38µm
_1487_,1.38µm
_1808_,1.38µm
_2017_,1.38µm
_2515_,1.38µm
_2536_,1.38µm
_2754_,1.38µm
_3130_,1.38µm
_3132_,1.38µm
_3244_,1.38µm
_3301_,1.38µm
_3320_,1.38µm
_3376_,1.38µm
_1665_,1.36µm
_0013_,1.26µm
_0039_,1.26µm
_0158_,1.26µm
_0235_,1.26µm
_2699_,1.26µm
_2740_,1.26µm
_2747_,1.26µm
_3070_,1.26µm
_3167_,1.26µm
_3272_,1.26µm
_3037_,1.15µm
_0274_,1.14µm
_0413_,1.14µm
_0498_,1.14µm
_2433_,1.14µm
_2204_,1.02µm
_2932_,1.02µm
_3159_,1.02µm
_3254_,1.02µm
_0066_,0.92µm
_0547_,0.92µm
_0972_,0.92µm
_1175_,0.92µm
_2642_,0.92µm
_2770_,0.92µm
_2812_,0.92µm
_2826_,0.92µm
_2848_,0.92µm
_2876_,0.92µm
_2949_,0.92µm
_2953_,0.92µm
_3032_,0.92µm
_1259_,0.8µm
_2802_,0.8µm
_2803_,0.8µm
_3022_,0.8µm
_3295_,0.8µm
_3329_,0.8µm
_1883_,0.48µm
_0055_,0.46µm
_1081_,0.46µm
_1272_,0.46µm
_2011_,0.46µm
_2122_,0.46µm
_2413_,0.46µm
_3091_,0.46µm
_3373_,0.46µm
